#,term,topic,subtopic,n_words,n_patents,tfidf,score,variants,patents
1,secondary battery,Batteries,Cell & battery types,2,20,100.745,326.7,secondary battery | secondary batteries,US20160190570A1-20160630 US20160240883A1-20160818 US20160181609A1-20160623 US20160190560A1-20160630 US20160233546A1-20160811 US20160172657A1-20160616 US20160344021A1-20161124 US20160149214A1-20160526 US20160211515A1-20160721 US20160233469A1-20160811 US20160181616A1-20160623 US20160172674A1-20160616 US20160211554A1-20160721 US20160218387A1-20160728 US20160190579A1-20160630 US20160172673A1-20160616 US20160164091A1-20160609 US20160204438A1-20160714 US20160240843A1-20160818 US20160301084A1-20161013
2,electrochemical cell,Batteries,Cell & battery types,2,13,73.371,233.3,electrochemical cells | electrochemical cell,US20090169978A1-20090702 US20100190059A1-20100729 US20060046125A1-20060302 US20060068288A1-20060330 US20160164120A1-20160609 US20160218404A1-20160728 US20160211562A1-20160721 US20170207470A1-20170720 US20160218380A1-20160728 US20160164141A1-20160609 US20160141604A1-20160519 US20160164075A1-20160609 US20160211528A1-20160721
3,non-aqueous electrolyte secondary battery,Batteries,Cell & battery types,4,8,52.761,236.2,non-aqueous electrolyte secondary battery | nonaqueous electrolyte secondary battery | nonaqueous electrolyte secondary batteries | nonaqueous-electrolyte secondary battery,US20160149214A1-20160526 US20160211515A1-20160721 US20160172674A1-20160616 US20160211554A1-20160721 US20160172673A1-20160616 US20160164091A1-20160609 US20160204438A1-20160714 US20160240843A1-20160818
4,battery cell,Batteries,Cell & battery types,2,8,85.005,179.2,battery cell | battery cells,US20160322617A1-20161103 US20160211494A1-20160721 US20160211560A1-20160721 US20160211561A1-20160721 US20170005377A1-20170105 US20160276637A1-20160922 US20160226044A1-20160804 US20160172635A1-20160616
5,lithium-ion battery,Batteries,Cell & battery types,2,8,46.899,144.8,lithium ion batteries | lithium-ion battery | lithium ion battery,US20060093921A1-20060504 US20060046144A1-20060302 US20060051674A1-20060309 US20160164085A1-20160609 US20160233546A1-20160811 US20160164141A1-20160609 US20160149216A1-20160526 US20160172635A1-20160616
6,rechargeable battery,Batteries,Cell & battery types,2,7,73.553,177.2,rechargeable battery,US20060088739A1-20060427 US20160248088A1-20160825 US20170092937A1-20170330 US20160226044A1-20160804 US20160164091A1-20160609 US20160164093A1-20160609 US20160301041A1-20161013
7,lithium ion secondary battery,Batteries,Cell & battery types,4,4,21.746,80.2,lithium ion secondary battery | lithium ion secondary batteries | lithium-ion secondary battery,US20160190560A1-20160630 US20160233546A1-20160811 US20160149214A1-20160526 US20160190579A1-20160630
8,lithium secondary battery,Batteries,Cell & battery types,3,3,31.296,86.6,lithium secondary battery,US20160190570A1-20160630 US20160344021A1-20161124 US20160181616A1-20160623
9,storage battery,Batteries,Cell & battery types,2,3,50.856,84.8,storage battery | storage batteries,US20160211494A1-20160721 US20160240827A1-20160818 US20160240835A1-20160818
10,nonaqueous electrolyte battery,Batteries,Cell & battery types,3,2,21.587,46.0,nonaqueous electrolyte battery,US20160226067A1-20160804 US20160126546A1-20160505
11,onboard battery,Batteries,Cell & battery types,2,2,17.27,41.1,onboard battery,US20160211560A1-20160721 US20160211561A1-20160721
12,non-aqueous electrolyte rechargeable battery,Batteries,Cell & battery types,4,2,12.952,40.6,non-aqueous electrolyte rechargeable battery | nonaqueous electrolyte rechargeable battery,US20160164091A1-20160609 US20160164093A1-20160609
13,flow battery,Batteries,Cell & battery types,2,2,17.27,25.1,flow batteries,US20160211539A1-20160721 US20160301084A1-20161013
14,power battery,Batteries,Cell & battery types,2,2,25.905,16.6,power battery,US20170005377A1-20170105 US20160204397A1-20160714
15,secondary cell,Batteries,Cell & battery types,2,2,17.27,16.3,secondary cell,US20160181616A1-20160623 US20160164104A1-20160609
16,thin film battery,Batteries,Cell & battery types,3,2,8.635,13.5,thin film battery | thin-film battery,US20070009802A1-20070111 US20170062800A1-20170302
17,power storage device,Batteries,Cell & battery types,3,2,8.635,12.3,power storage device,US20160141719A1-20160519 US20160164053A1-20160609
18,lithium-ion rechargeable battery,Batteries,Cell & battery types,3,1,50.106,121.0,lithium-ion rechargeable battery,US20170092937A1-20170330
19,non-aqueous electricity storage element,Batteries,Cell & battery types,4,1,35.074,111.2,non-aqueous electricity storage element,US20160172678A1-20160616
20,electrochemical storage cell,Batteries,Cell & battery types,3,1,25.053,55.7,electrochemical storage cell,US20060078789A1-20060413
21,high power battery cell,Batteries,Cell & battery types,4,1,20.043,49.6,high power battery cells,US20170005377A1-20170105
22,solid state battery,Batteries,Cell & battery types,3,1,20.043,49.0,solid state battery,US20160248093A1-20160825
23,energy storage device,Batteries,Cell & battery types,3,1,20.043,39.6,energy storage devices | energy storage device,US20160226070A1-20160804
24,sodium molten salt battery,Batteries,Cell & battery types,4,1,10.021,34.8,sodium molten salt battery,US20160156069A1-20160602
25,laminate-sheathed cell,Batteries,Cell & battery types,2,1,15.032,31.6,laminate-sheathed cells,US20060040173A1-20060223
26,rechargeable battery cell,Batteries,Cell & battery types,3,1,15.032,30.6,rechargeable battery cell,US20160226044A1-20160804
27,lithium based electrochemical device,Batteries,Cell & battery types,4,1,10.021,29.1,lithium based electrochemical devices,US20060105244A1-20060518
28,lithium ion polymer battery,Batteries,Cell & battery types,4,1,10.021,27.9,lithium ion polymer battery,US20070231687A1-20071004
29,high energy battery cell,Batteries,Cell & battery types,4,1,10.021,26.4,high energy battery cells,US20170005377A1-20170105
30,alkaline electrochemical cell,Batteries,Cell & battery types,3,1,10.021,23.6,alkaline electrochemical cell,US20060068288A1-20060330
31,rechargeable electrochemical cell,Batteries,Cell & battery types,3,1,10.021,22.7,rechargeable electrochemical cells,US20160164075A1-20160609
32,lithium secondary cell,Batteries,Cell & battery types,3,1,10.021,21.7,lithium secondary cell,US20160181616A1-20160623
33,combination battery,Batteries,Cell & battery types,2,1,10.021,20.2,combination battery,US20060040173A1-20060223
34,reserve cell-array nanostructred battery,Batteries,Cell & battery types,4,1,5.011,20.1,reserve cell-array nanostructred battery,US20100183906A1-20100722
35,lithium thin film battery,Batteries,Cell & battery types,4,1,5.011,15.2,lithium thin film battery,US20070009802A1-20070111
36,electric power storage device,Batteries,Cell & battery types,4,1,5.011,15.1,electric power storage device,US20160164053A1-20160609
37,redox flow battery,Batteries,Cell & battery types,3,1,5.011,13.8,redox flow batteries,US20160301084A1-20161013
38,built-in secondary battery,Batteries,Cell & battery types,3,1,5.011,13.6,built-in secondary battery,US20160233469A1-20160811
39,modular electrochemical cell,Batteries,Cell & battery types,3,1,5.011,13.6,modular electrochemical cells,US20160211528A1-20160721
40,electricity storage device,Batteries,Cell & battery types,3,1,5.011,13.1,electricity storage device,US20160190657A1-20160630
41,zinc-air battery system,Batteries,Cell & battery types,3,1,5.011,12.9,zinc-air battery systems,US20160204491A1-20160714
42,lithium ion battery cell,Batteries,Cell & battery types,4,1,5.011,12.4,lithium ion battery cell,US20160172635A1-20160616
43,lithium-ion rechargeable cell,Batteries,Cell & battery types,3,1,5.011,12.1,lithium-ion rechargeable cell,US20160248088A1-20160825
44,electro-energy cell,Batteries,Cell & battery types,2,1,5.011,11.4,electro-energy cell,US20160211528A1-20160721
45,secondary electrochemical cell,Batteries,Cell & battery types,3,1,5.011,10.9,secondary electrochemical cells,US20100190059A1-20100729
46,multi-cell battery,Batteries,Cell & battery types,2,1,10.021,10.8,multi-cell battery,US20090169978A1-20090702
47,zinc-air battery,Batteries,Cell & battery types,2,1,10.021,10.8,zinc-air battery,US20160204491A1-20160714
48,battery pack,Batteries,"Packs, modules & interconnects",2,12,80.823,256.7,battery pack | battery packs,US20060141349A1-20060629 US20160141568A1-20160519 US20170214013A1-20170727 US20160172657A1-20160616 US20160226067A1-20160804 US20160218404A1-20160728 US20160322617A1-20161103 US20170005377A1-20170105 US20170214011A1-20170727 US20160164053A1-20160609 US20160226044A1-20160804 US20170214099A1-20170727
49,battery module,Batteries,"Packs, modules & interconnects",2,10,97.49,274.5,battery module | battery modules,US20060040173A1-20060223 US20160226067A1-20160804 US20160172654A1-20160616 US20160126546A1-20160505 US20160211560A1-20160721 US20160211561A1-20160721 US20170005377A1-20170105 US20160164053A1-20160609 US20160276637A1-20160922 US20160172635A1-20160616
50,battery assembly,Batteries,"Packs, modules & interconnects",2,4,28.995,56.5,battery assembly,US20090169978A1-20090702 US20060068274A1-20060330 US20170214013A1-20170727 US20170214011A1-20170727
51,battery system,Batteries,"Packs, modules & interconnects",2,3,15.648,23.8,battery system | battery systems,US20160204491A1-20160714 US20160226110A1-20160804 US20160172635A1-20160616
52,power storage module,Batteries,"Packs, modules & interconnects",3,2,17.27,50.2,power storage module,US20160240827A1-20160818 US20160240835A1-20160818
53,battery unit,Batteries,"Packs, modules & interconnects",2,2,17.27,16.7,battery unit,US20160141735A1-20160519 US20160226044A1-20160804
54,assembled battery,Batteries,"Packs, modules & interconnects",2,2,21.587,14.9,assembled battery,US20160141735A1-20160519 US20160211494A1-20160721
55,bus bar unit,Batteries,"Packs, modules & interconnects",3,1,25.053,73.9,bus bar unit | bus bar units,US20060035128A1-20060216
56,battery pack loading section,Batteries,"Packs, modules & interconnects",4,1,20.043,61.9,battery pack loading section,US20160141568A1-20160519
57,storage battery bank,Batteries,"Packs, modules & interconnects",3,1,20.043,51.7,storage battery bank,US20160240827A1-20160818
58,battery array,Batteries,"Packs, modules & interconnects",2,1,20.043,38.2,battery array,US20170214013A1-20170727
59,battery pack assembly,Batteries,"Packs, modules & interconnects",3,1,15.032,33.6,battery pack assembly,US20160218404A1-20160728
60,battery module assembly,Batteries,"Packs, modules & interconnects",3,1,15.032,32.8,battery module assembly,US20160172654A1-20160616
61,battery cell group,Batteries,"Packs, modules & interconnects",3,1,15.032,30.4,battery cell group,US20160211494A1-20160721
62,battery receiving element,Batteries,"Packs, modules & interconnects",3,1,10.021,25.4,battery receiving element,US20060068274A1-20060330
63,connection bar,Batteries,"Packs, modules & interconnects",2,1,15.032,24.4,connection bar,US20160240827A1-20160818
64,rechargeable battery unit,Batteries,"Packs, modules & interconnects",3,1,10.021,23.0,rechargeable battery unit,US20160226044A1-20160804
65,pressurized fastening structure,Batteries,"Packs, modules & interconnects",3,1,5.011,16.1,pressurized fastening structure,US20160111749A1-20160421
66,electric power storage system,Batteries,"Packs, modules & interconnects",4,1,5.011,15.1,electric power storage system,US20160172657A1-20160616
67,detachable battery pack,Batteries,"Packs, modules & interconnects",3,1,5.011,14.0,detachable battery pack,US20160141568A1-20160519
68,slide-in battery assembly,Batteries,"Packs, modules & interconnects",3,1,5.011,13.5,slide-in battery assembly,US20170214011A1-20170727
69,power lead assembly,Batteries,"Packs, modules & interconnects",3,1,5.011,13.3,power lead assemblies,US20060035128A1-20060216
70,series connection,Batteries,"Packs, modules & interconnects",2,1,5.011,13.1,series connection,US20060068260A1-20060330
71,multi-cell battery assembly,Batteries,"Packs, modules & interconnects",3,1,5.011,13.1,multi-cell battery assembly,US20090169978A1-20090702
72,current bus,Batteries,"Packs, modules & interconnects",2,1,5.011,11.5,current bus,US20060035128A1-20060216
73,power lead,Batteries,"Packs, modules & interconnects",2,1,10.021,11.2,power lead,US20060035128A1-20060216
74,battery connector,Batteries,"Packs, modules & interconnects",2,1,5.011,10.3,battery connector,US20060141349A1-20060629
75,electrode lead,Batteries,"Packs, modules & interconnects",2,1,5.011,10.0,electrode lead,US20160240883A1-20160818
76,battery case,Batteries,"Housings, terminals & seals",2,3,50.856,60.5,battery case,US20090169978A1-20090702 US20160149179A1-20160526 US20160226044A1-20160804
77,cap plate,Batteries,"Housings, terminals & seals",2,2,43.175,103.0,cap plate,US20160204397A1-20160714 US20160301041A1-20161013
78,positive terminal,Batteries,"Housings, terminals & seals",2,2,30.222,76.4,positive terminal,US20060127752A1-20060615 US20160240835A1-20160818
79,negative terminal,Batteries,"Housings, terminals & seals",2,2,30.222,71.8,negative terminal,US20060127752A1-20060615 US20160240835A1-20160818
80,cap assembly,Batteries,"Housings, terminals & seals",2,2,25.905,62.9,cap assembly,US20160204397A1-20160714 US20160301041A1-20161013
81,battery terminal,Batteries,"Housings, terminals & seals",2,2,17.27,25.9,battery terminal,US20090169978A1-20090702 US20160141568A1-20160519
82,housing case,Batteries,"Housings, terminals & seals",2,2,12.952,21.4,housing case,US20160211560A1-20160721 US20160211561A1-20160721
83,battery case lid,Batteries,"Housings, terminals & seals",3,1,30.064,76.8,battery case lid,US20160149179A1-20160526
84,electrode terminal,Batteries,"Housings, terminals & seals",2,1,30.064,53.8,electrode terminal,US20160204397A1-20160714
85,resin assembled battery box,Batteries,"Housings, terminals & seals",4,1,15.032,49.3,resin assembled battery box | resin assembled battery boxes,US20160211494A1-20160721
86,outer package,Batteries,"Housings, terminals & seals",2,1,20.043,49.1,outer package,US20160172657A1-20160616
87,battery chamber,Batteries,"Housings, terminals & seals",2,1,20.043,39.9,battery chamber,US20060068274A1-20060330
88,cylindrical housing,Batteries,"Housings, terminals & seals",2,1,10.021,25.8,cylindrical housing,US20160172635A1-20160616
89,battery pack enclosure,Batteries,"Housings, terminals & seals",3,1,10.021,24.4,battery pack enclosure,US20170214013A1-20170727
90,outer case,Batteries,"Housings, terminals & seals",2,1,10.021,21.3,outer case,US20160240883A1-20160818
91,battery terminal sealing member,Batteries,"Housings, terminals & seals",4,1,5.011,15.6,battery terminal sealing member,US20160141568A1-20160519
92,assembled battery box,Batteries,"Housings, terminals & seals",3,1,20.043,13.9,assembled battery boxes | assembled battery box,US20160211494A1-20160721
93,exterior body,Batteries,"Housings, terminals & seals",2,1,5.011,13.3,exterior body,US20160233469A1-20160811
94,bottomed case,Batteries,"Housings, terminals & seals",2,1,5.011,13.2,bottomed case,US20160141735A1-20160519
95,external terminal,Batteries,"Housings, terminals & seals",2,1,5.011,11.6,external terminals,US20060105244A1-20060518
96,insulating case,Batteries,"Housings, terminals & seals",2,1,5.011,11.3,insulating case,US20160301041A1-20161013
97,battery enclosure,Batteries,"Housings, terminals & seals",2,1,5.011,9.3,battery enclosure,US20160218404A1-20160728
98,internal pressure,Batteries,"Management, sensing & safety",2,2,12.952,22.9,internal pressure,US20160190657A1-20160630 US20160172657A1-20160616
99,battery management,Batteries,"Management, sensing & safety",2,2,17.27,22.3,battery management,US20160172654A1-20160616 US20160211494A1-20160721
100,temperature measuring component,Batteries,"Management, sensing & safety",3,1,45.096,91.3,temperature measuring component,US20160240835A1-20160818
101,temperature measuring component holder,Batteries,"Management, sensing & safety",4,1,20.043,68.2,temperature measuring component holder,US20160240835A1-20160818
102,safety valve mechanism,Batteries,"Management, sensing & safety",3,1,15.032,48.6,safety valve mechanism,US20160172657A1-20160616
103,current interruption device,Batteries,"Management, sensing & safety",3,1,15.032,41.4,current interruption device,US20160190657A1-20160630
104,cell monitoring device,Batteries,"Management, sensing & safety",3,1,15.032,37.1,cell monitoring device | cell monitoring devices,US20160211494A1-20160721
105,deforming plate,Batteries,"Management, sensing & safety",2,1,15.032,34.9,deforming plate,US20160190657A1-20160630
106,explosion-proof valve,Batteries,"Management, sensing & safety",2,1,10.021,26.2,explosion-proof valve,US20160149179A1-20160526
107,relief valve,Batteries,"Management, sensing & safety",2,1,10.021,25.6,relief valve,US20160226044A1-20160804
108,battery management unit,Batteries,"Management, sensing & safety",3,1,15.032,24.5,battery management unit,US20160211494A1-20160721
109,temperature measuring component guide,Batteries,"Management, sensing & safety",4,1,5.011,18.1,temperature measuring component guide,US20160240835A1-20160818
110,voltage measurement wiring,Batteries,"Management, sensing & safety",3,1,5.011,17.0,voltage measurement wirings,US20060040173A1-20060223
111,electrical-voltage measurement device,Batteries,"Management, sensing & safety",3,1,5.011,16.2,electrical-voltage measurement device,US20160218382A1-20160728
112,internal pressure rise,Batteries,"Management, sensing & safety",3,1,5.011,15.6,internal pressure rises,US20160190657A1-20160630
113,battery protection member,Batteries,"Management, sensing & safety",3,1,5.011,14.5,battery protection member,US20070231687A1-20071004
114,battery management system,Batteries,"Management, sensing & safety",3,1,5.011,11.9,battery management system,US20160172654A1-20160616
115,fuel cell,Fuel cells,Cell & system types,2,50,223.018,1395.9,fuel cell | fuel cells,US20060088739A1-20060427 US20060121327A1-20060608 US20060105214A1-20060518 US20060029850A1-20060209 US20060046124A1-20060302 US20060035128A1-20060216 US20060141306A1-20060629 US20060014067A1-20060119 US20060046123A1-20060302 US20060078764A1-20060413 US20060046125A1-20060302 US20060035119A1-20060216 US20060105209A1-20060518 US20090291340A1-20091126 US20060003203A1-20060105 US20060110634A1-20060525 US20060172171A1-20060803 US20060093875A1-20060504 US20060134483A1-20060622 US20060093877A1-20060504 US20060078768A1-20060413 US20060035133A1-20060216 US20060002844A1-20060105 US20060127706A1-20060615 US20060127709A1-20060615 US20060099464A1-20060511 US20060046108A1-20060302 US20060093735A1-20060504 US20060068260A1-20060330 US20060051632A1-20060309 US20160197367A1-20160707 US20160204444A1-20160714 US20160164111A1-20160609 US20160211535A1-20160721 US20160218378A1-20160728 US20170200955A1-20170713 US20160118671A1-20160428 US20160141692A1-20160519 US20160190602A1-20160630 US20160156047A1-20160602 US20160164128A1-20160609 US20160149249A1-20160526 US20160181639A1-20160623 US20160218382A1-20160728 US20160111749A1-20160421 US20160204461A1-20160714 US20160156053A1-20160602 US20160301084A1-20161013 US20160211528A1-20160721 US20160118674A1-20160428
116,fuel cell system,Fuel cells,Cell & system types,3,13,75.816,286.5,fuel cell system | fuel cell systems,US20060105214A1-20060518 US20060141306A1-20060629 US20060046123A1-20060302 US20090291340A1-20091126 US20060003203A1-20060105 US20060134483A1-20060622 US20060078768A1-20060413 US20060051632A1-20060309 US20160197367A1-20160707 US20160211535A1-20160721 US20160141692A1-20160519 US20160156047A1-20160602 US20160204461A1-20160714
117,solid oxide fuel cell,Fuel cells,Cell & system types,4,5,34.012,123.3,solid oxide fuel cell | solid oxide fuel cells | solid-oxide fuel cell,US20060121327A1-20060608 US20060035128A1-20060216 US20160141692A1-20160519 US20160111749A1-20160421 US20160118674A1-20160428
118,fuel cell power plant,Fuel cells,Cell & system types,4,2,21.587,66.0,fuel cell power plant,US20060093877A1-20060504 US20060099464A1-20060511
119,electrochemical fuel cell,Fuel cells,Cell & system types,3,2,12.952,19.8,electrochemical fuel cell,US20060046125A1-20060302 US20060134483A1-20060622
120,pem fuel cell,Fuel cells,Cell & system types,3,2,8.635,11.7,pem fuel cell,US20060046124A1-20060302 US20060035119A1-20060216
121,solid oxide cell,Fuel cells,Cell & system types,3,1,20.043,44.5,solid oxide cells,US20160149249A1-20160526
122,protonic ceramic fuel cell,Fuel cells,Cell & system types,4,1,15.032,43.8,protonic ceramic fuel cell,US20160204444A1-20160714
123,liquid-feed fuel cell system,Fuel cells,Cell & system types,4,1,10.021,27.8,liquid-feed fuel cell system,US20060046123A1-20060302
124,solid polymer fuel cell,Fuel cells,Cell & system types,4,1,10.021,25.8,solid polymer fuel cells | solid polymer fuel cell,US20160190602A1-20160630
125,dissolved-fuel alkaline fuel cell,Fuel cells,Cell & system types,4,1,5.011,15.3,dissolved-fuel alkaline fuel cell,US20060078764A1-20060413
126,hydrogen fueled fuel cell,Fuel cells,Cell & system types,4,1,5.011,15.0,hydrogen fueled fuel cell,US20060088739A1-20060427
127,hydrogen peroxide fuel cell,Fuel cells,Cell & system types,4,1,5.011,14.6,hydrogen peroxide fuel cells,US20160118671A1-20160428
128,compliant fuel cell system,Fuel cells,Cell & system types,4,1,5.011,13.7,compliant fuel cell system,US20090291340A1-20091126
129,electrochemical fuel cell system,Fuel cells,Cell & system types,4,1,5.011,11.9,electrochemical fuel cell system,US20060134483A1-20060622
130,methanol fuel cell,Fuel cells,Cell & system types,3,1,5.011,11.2,methanol fuel cell,US20060046123A1-20060302
131,alkaline fuel cell,Fuel cells,Cell & system types,3,1,10.021,10.8,alkaline fuel cell,US20060078764A1-20060413
132,membrane fuel cell,Fuel cells,Cell & system types,3,1,5.011,10.0,membrane fuel cell,US20160218382A1-20160728
133,fuel cell stack,Fuel cells,"Stack, MEA & flow-field components",3,13,100.273,374.3,fuel cell stack | fuel cell stacks,US20060121327A1-20060608 US20060046124A1-20060302 US20060141306A1-20060629 US20060105209A1-20060518 US20060093875A1-20060504 US20060078768A1-20060413 US20060127706A1-20060615 US20060127709A1-20060615 US20060099464A1-20060511 US20160164111A1-20160609 US20160141692A1-20160519 US20160164128A1-20160609 US20160204461A1-20160714
134,membrane electrode assembly,Fuel cells,"Stack, MEA & flow-field components",3,5,37.413,122.8,membrane electrode assembly | membrane electrode assemblies,US20060105214A1-20060518 US20060134469A1-20060622 US20160218378A1-20160728 US20160156053A1-20160602 US20160301084A1-20161013
135,fuel cell assembly,Fuel cells,"Stack, MEA & flow-field components",3,4,25.37,59.1,fuel cell assembly,US20060121327A1-20060608 US20060029850A1-20060209 US20090291340A1-20091126 US20160164111A1-20160609
136,unit cell,Fuel cells,"Stack, MEA & flow-field components",2,3,23.472,50.2,unit cells,US20060040173A1-20060223 US20160172654A1-20160616 US20160164053A1-20160609
137,gas channel,Fuel cells,"Stack, MEA & flow-field components",2,3,11.736,31.0,gas channel | gas channels,US20090169978A1-20090702 US20160156053A1-20160602 US20160211528A1-20160721
138,flow field,Fuel cells,"Stack, MEA & flow-field components",2,2,38.857,85.2,flow field | flow fields,US20060141328A1-20060629 US20060035133A1-20060216
139,gas diffusion electrode,Fuel cells,"Stack, MEA & flow-field components",3,2,25.905,68.9,gas diffusion electrode | gas diffusion electrodes,US20160164120A1-20160609 US20160211528A1-20160721
140,diffusion media,Fuel cells,"Stack, MEA & flow-field components",2,2,30.222,64.3,diffusion media,US20060046124A1-20060302 US20060127706A1-20060615
141,diffusion layer,Fuel cells,"Stack, MEA & flow-field components",2,2,43.175,57.7,diffusion layer | diffusion layers,US20060134469A1-20060622 US20160156053A1-20160602
142,separator plate,Fuel cells,"Stack, MEA & flow-field components",2,2,21.587,39.1,separator plates | separator plate,US20060046125A1-20060302 US20160164111A1-20160609
143,bipolar plate,Fuel cells,"Stack, MEA & flow-field components",2,2,17.27,34.2,bipolar plates,US20060127706A1-20060615 US20160218378A1-20160728
144,flow channel,Fuel cells,"Stack, MEA & flow-field components",2,2,21.587,32.4,flow channels,US20060127706A1-20060615 US20160164111A1-20160609
145,active area,Fuel cells,"Stack, MEA & flow-field components",2,2,12.952,31.7,active area,US20160164111A1-20160609 US20170207470A1-20170720
146,catalyst layer,Fuel cells,"Stack, MEA & flow-field components",2,2,21.587,28.3,catalyst layers | catalyst layer,US20060046113A1-20060302 US20170200955A1-20170713
147,stamped plate,Fuel cells,"Stack, MEA & flow-field components",2,2,8.635,11.4,stamped plates,US20060035133A1-20060216 US20060127706A1-20060615
148,stack array,Fuel cells,"Stack, MEA & flow-field components",2,1,25.053,53.7,stack array,US20160111749A1-20160421
149,gas permeable layer,Fuel cells,"Stack, MEA & flow-field components",3,1,20.043,50.9,gas permeable layers,US20160211528A1-20160721
150,end plate,Fuel cells,"Stack, MEA & flow-field components",2,1,25.053,50.8,end plate,US20160240827A1-20160818
151,diffusion layer structure,Fuel cells,"Stack, MEA & flow-field components",3,1,30.064,48.7,diffusion layer structure | diffusion layer structures,US20060134469A1-20060622
152,gas diffusion layer,Fuel cells,"Stack, MEA & flow-field components",3,1,20.043,47.5,gas diffusion layers,US20160156053A1-20160602
153,fuel cell bundle,Fuel cells,"Stack, MEA & flow-field components",3,1,25.053,45.7,fuel cell bundles,US20060035128A1-20060216
154,structured flow field pattern,Fuel cells,"Stack, MEA & flow-field components",4,1,10.021,38.2,structured flow field pattern,US20060141328A1-20060629
155,fuel cell stack anode,Fuel cells,"Stack, MEA & flow-field components",4,1,15.032,35.9,fuel cell stack anode,US20160141692A1-20160519
156,fuel cell stack device,Fuel cells,"Stack, MEA & flow-field components",4,1,15.032,35.5,fuel cell stack device,US20160164128A1-20160609
157,fuel cell stack cathode,Fuel cells,"Stack, MEA & flow-field components",4,1,15.032,35.3,fuel cell stack cathode,US20160141692A1-20160519
158,cell stack device,Fuel cells,"Stack, MEA & flow-field components",3,1,30.064,31.7,cell stack device,US20160164128A1-20160609
159,stack group,Fuel cells,"Stack, MEA & flow-field components",2,1,15.032,29.5,stack group | stack groups,US20160111749A1-20160421
160,water transport plate,Fuel cells,"Stack, MEA & flow-field components",3,1,10.021,29.1,water transport plate,US20170207470A1-20170720
161,oxidant electrode,Fuel cells,"Stack, MEA & flow-field components",2,1,15.032,29.1,oxidant electrodes | oxidant electrode,US20160218380A1-20160728
162,oxidant flow channel,Fuel cells,"Stack, MEA & flow-field components",3,1,10.021,28.2,oxidant flow channels,US20160164111A1-20160609
163,diffusion media layer,Fuel cells,"Stack, MEA & flow-field components",3,1,10.021,26.7,diffusion media layers | diffusion media layer,US20060127706A1-20060615
164,fuel cell catalyst layer,Fuel cells,"Stack, MEA & flow-field components",4,1,10.021,24.1,fuel cell catalyst layers | fuel cell catalyst layer,US20170200955A1-20170713
165,fuel cell plate,Fuel cells,"Stack, MEA & flow-field components",3,1,10.021,19.4,fuel cell plate | fuel cell plates,US20060035133A1-20060216
166,flexible flow field separator,Fuel cells,"Stack, MEA & flow-field components",4,1,5.011,17.0,flexible flow field separator,US20060141328A1-20060629
167,conducting flow field separator,Fuel cells,"Stack, MEA & flow-field components",4,1,5.011,16.7,conducting flow field separator,US20060141328A1-20060629
168,stamped bridge member,Fuel cells,"Stack, MEA & flow-field components",3,1,5.011,16.3,stamped bridge member,US20060035133A1-20060216
169,pre-compressed diffusion media,Fuel cells,"Stack, MEA & flow-field components",3,1,5.011,16.1,pre-compressed diffusion media,US20060046124A1-20060302
170,nested bipolar plate,Fuel cells,"Stack, MEA & flow-field components",3,1,5.011,15.6,nested bipolar plates,US20060127706A1-20060615
171,nested stamped plate,Fuel cells,"Stack, MEA & flow-field components",3,1,5.011,15.6,nested stamped plates,US20060127706A1-20060615
172,solid-oxide fuel cell assembly,Fuel cells,"Stack, MEA & flow-field components",4,1,5.011,14.4,solid-oxide fuel cell assembly,US20060121327A1-20060608
173,flow field separator,Fuel cells,"Stack, MEA & flow-field components",3,1,10.021,13.9,flow field separator,US20060141328A1-20060629
174,fuel cell single cell,Fuel cells,"Stack, MEA & flow-field components",4,1,5.011,12.5,fuel cell single cell,US20160156053A1-20160602
175,conductive separator plate,Fuel cells,"Stack, MEA & flow-field components",3,1,5.011,12.5,conductive separator plate,US20060046125A1-20060302
176,nested plate,Fuel cells,"Stack, MEA & flow-field components",2,1,5.011,11.6,nested plates,US20060127706A1-20060615
177,distribution plate,Fuel cells,"Stack, MEA & flow-field components",2,1,5.011,11.1,distribution plate,US20160218382A1-20160728
178,electrocatalyst layer,Fuel cells,"Stack, MEA & flow-field components",2,1,5.011,11.1,electrocatalyst layer,US20160118671A1-20160428
179,single cell,Fuel cells,"Stack, MEA & flow-field components",2,1,10.021,10.1,single cell,US20160156053A1-20160602
180,fuel cell cathode,Fuel cells,"Stack, MEA & flow-field components",3,1,5.011,9.7,fuel cell cathodes,US20160118671A1-20160428
181,fuel anode,Fuel cells,"Stack, MEA & flow-field components",2,1,5.011,8.4,fuel anode,US20060078764A1-20060413
182,fuel electrode,Fuel cells,"Stack, MEA & flow-field components",2,1,5.011,7.3,fuel electrode,US20160218380A1-20160728
183,catalyst particle,Fuel cells,Catalysts,2,2,21.587,50.2,catalyst particles,US20170200955A1-20170713 US20160190602A1-20160630
184,catalyst precursor,Fuel cells,Catalysts,2,1,15.032,34.6,catalyst precursor,US20170200955A1-20170713
185,catalyst assembly,Fuel cells,Catalysts,2,1,15.032,29.9,catalyst assembly,US20060035119A1-20060216
186,catalyst-coated channel,Fuel cells,Catalysts,2,1,10.021,26.6,catalyst-coated channels,US20060046113A1-20060302
187,catalyst material,Fuel cells,Catalysts,2,1,10.021,18.3,catalyst material,US20060002844A1-20060105
188,unsupported metal black catalyst,Fuel cells,Catalysts,4,1,5.011,18.2,unsupported metal black catalyst,US20160118671A1-20160428
189,carbon nanofiber catalyst substrate,Fuel cells,Catalysts,4,1,5.011,16.5,carbon nanofiber catalyst substrate,US20170200955A1-20170713
190,supported electrocatalyst,Fuel cells,Catalysts,2,1,5.011,14.3,supported electrocatalyst,US20160118671A1-20160428
191,ruthenium-palladium-iridium alloy,Fuel cells,Catalysts,2,1,5.011,14.2,ruthenium-palladium-iridium alloys,US20160118671A1-20160428
192,ruthenium-palladium-iridium-rhenium alloy,Fuel cells,Catalysts,2,1,5.011,14.2,ruthenium-palladium-iridium-rhenium alloys,US20160118671A1-20160428
193,platinum oxide material,Fuel cells,Catalysts,3,1,5.011,13.6,platinum oxide material,US20160149249A1-20160526
194,core-shell catalyst,Fuel cells,Catalysts,2,1,5.011,13.3,core-shell catalyst,US20160172685A1-20160616
195,cathode electrocatalyst,Fuel cells,Catalysts,2,1,5.011,11.4,cathode electrocatalyst,US20160118671A1-20160428
196,catalyst substrate,Fuel cells,Catalysts,2,1,10.021,10.7,catalyst substrate,US20170200955A1-20170713
197,anode inlet,Fuel cells,"Fuel, gas handling & reforming",2,2,47.492,70.0,anode inlet,US20060078768A1-20060413 US20160141692A1-20160519
198,fuel source,Fuel cells,"Fuel, gas handling & reforming",2,2,21.587,48.6,fuel source,US20160141692A1-20160519 US20160156047A1-20160602
199,exhaust stream,Fuel cells,"Fuel, gas handling & reforming",2,2,17.27,34.6,exhaust stream | exhaust streams,US20060110634A1-20060525 US20060099464A1-20060511
200,cathode exhaust conduit,Fuel cells,"Fuel, gas handling & reforming",3,1,40.085,107.4,cathode exhaust conduit,US20060110634A1-20060525
201,exhaust hydrogen gas,Fuel cells,"Fuel, gas handling & reforming",3,1,25.053,65.3,exhaust hydrogen gas,US20060051632A1-20060309
202,anode inlet gas,Fuel cells,"Fuel, gas handling & reforming",3,1,25.053,60.9,anode inlet gas,US20160141692A1-20160519
203,fuel cartridge,Fuel cells,"Fuel, gas handling & reforming",2,1,30.064,58.7,fuel cartridge,US20060172171A1-20060803
204,fuel stream passage,Fuel cells,"Fuel, gas handling & reforming",3,1,20.043,53.1,fuel stream passages,US20060099464A1-20060511
205,purge valve,Fuel cells,"Fuel, gas handling & reforming",2,1,20.043,49.5,purge valve,US20060051632A1-20060309
206,fuel stream,Fuel cells,"Fuel, gas handling & reforming",2,1,45.096,47.6,fuel stream | fuel streams,US20060099464A1-20060511
207,anode gas,Fuel cells,"Fuel, gas handling & reforming",2,1,30.064,46.2,anode gas,US20160197367A1-20160707
208,reformer heat exchanger,Fuel cells,"Fuel, gas handling & reforming",3,1,15.032,46.2,reformer heat exchanger,US20160141692A1-20160519
209,cartridge receptacle device,Fuel cells,"Fuel, gas handling & reforming",3,1,15.032,45.1,cartridge receptacle device,US20060172171A1-20060803
210,cathode gas,Fuel cells,"Fuel, gas handling & reforming",2,1,35.074,44.9,cathode gas,US20160197367A1-20160707
211,aqueous methanol solution,Fuel cells,"Fuel, gas handling & reforming",3,1,15.032,44.3,aqueous methanol solution,US20060046123A1-20060302
212,anode inlet unit,Fuel cells,"Fuel, gas handling & reforming",3,1,15.032,37.8,anode inlet unit,US20060078768A1-20060413
213,cathode inlet gas,Fuel cells,"Fuel, gas handling & reforming",3,1,15.032,35.9,cathode inlet gas,US20160141692A1-20160519
214,off-gas fluid flow path,Fuel cells,"Fuel, gas handling & reforming",4,1,10.021,33.6,off-gas fluid flow path,US20160141692A1-20160519
215,cathode inlet,Fuel cells,"Fuel, gas handling & reforming",2,1,30.064,29.2,cathode inlet,US20160141692A1-20160519
216,water vapor-containing gas,Fuel cells,"Fuel, gas handling & reforming",3,1,10.021,29.0,water vapor-containing gas,US20160164128A1-20160609
217,cathode gas control unit,Fuel cells,"Fuel, gas handling & reforming",4,1,10.021,28.9,cathode gas control unit,US20160197367A1-20160707
218,anode off-gas outlet,Fuel cells,"Fuel, gas handling & reforming",3,1,10.021,28.5,anode off-gas outlet,US20160141692A1-20160519
219,cathode off-gas outlet,Fuel cells,"Fuel, gas handling & reforming",3,1,10.021,28.1,cathode off-gas outlet,US20160141692A1-20160519
220,common manifold,Fuel cells,"Fuel, gas handling & reforming",2,1,10.021,27.6,common manifold,US20060099464A1-20060511
221,steam reformer,Fuel cells,"Fuel, gas handling & reforming",2,1,10.021,27.2,steam reformer,US20160141692A1-20160519
222,fuel cell system exhaust,Fuel cells,"Fuel, gas handling & reforming",4,1,10.021,25.1,fuel cell system exhaust,US20160141692A1-20160519
223,off-gas outlet,Fuel cells,"Fuel, gas handling & reforming",2,1,20.043,24.4,off-gas outlet,US20160141692A1-20160519
224,hydrogen-containing gas,Fuel cells,"Fuel, gas handling & reforming",2,1,10.021,23.2,hydrogen-containing gas,US20160164128A1-20160609
225,oxidant inlet,Fuel cells,"Fuel, gas handling & reforming",2,1,10.021,22.4,oxidant inlet,US20160141692A1-20160519
226,anode off-gas,Fuel cells,"Fuel, gas handling & reforming",2,1,20.043,22.2,anode off-gas,US20160141692A1-20160519
227,fuel reservoir,Fuel cells,"Fuel, gas handling & reforming",2,1,10.021,22.1,fuel reservoir,US20060078764A1-20060413
228,cathode off-gas,Fuel cells,"Fuel, gas handling & reforming",2,1,20.043,21.7,cathode off-gas,US20160141692A1-20160519
229,stack valve,Fuel cells,"Fuel, gas handling & reforming",2,1,10.021,20.5,stack valve,US20060134483A1-20060622
230,hydrogen gas,Fuel cells,"Fuel, gas handling & reforming",2,1,35.074,19.8,hydrogen gas,US20060051632A1-20060309
231,solid fuel,Fuel cells,"Fuel, gas handling & reforming",2,1,10.021,17.2,solid fuel,US20060078764A1-20060413
232,intermediate reforming process,Fuel cells,"Fuel, gas handling & reforming",3,1,5.011,17.1,intermediate reforming process,US20060046123A1-20060302
233,regenerative oxidizer assembly,Fuel cells,"Fuel, gas handling & reforming",3,1,5.011,16.9,regenerative oxidizer assembly,US20060035119A1-20060216
234,anode gas control unit,Fuel cells,"Fuel, gas handling & reforming",4,1,5.011,14.6,anode gas control unit,US20160197367A1-20160707
235,recirculation loop,Fuel cells,"Fuel, gas handling & reforming",2,1,5.011,14.0,recirculation loop,US20060046108A1-20060302
236,hydrogen distribution system,Fuel cells,"Fuel, gas handling & reforming",3,1,5.011,13.9,hydrogen distribution system,US20060088739A1-20060427
237,fuel extraction device,Fuel cells,"Fuel, gas handling & reforming",3,1,5.011,13.6,fuel extraction devices,US20060172171A1-20060803
238,hydrogen flow control,Fuel cells,"Fuel, gas handling & reforming",3,1,5.011,13.6,hydrogen flow control,US20060078768A1-20060413
239,electrolyte-fuel mixture,Fuel cells,"Fuel, gas handling & reforming",2,1,5.011,13.4,electrolyte-fuel mixture,US20060078764A1-20060413
240,hydrogen supply gas,Fuel cells,"Fuel, gas handling & reforming",3,1,5.011,13.3,hydrogen supply gas,US20060078768A1-20060413
241,pressure regulator,Fuel cells,"Fuel, gas handling & reforming",2,1,5.011,13.1,pressure regulator,US20160156047A1-20160602
242,supply header,Fuel cells,"Fuel, gas handling & reforming",2,1,5.011,13.1,supply header,US20060035133A1-20060216
243,methanol concentration,Fuel cells,"Fuel, gas handling & reforming",2,1,5.011,13.0,methanol concentration,US20060046123A1-20060302
244,fuel exhaust stream,Fuel cells,"Fuel, gas handling & reforming",3,1,5.011,12.7,fuel exhaust streams,US20060099464A1-20060511
245,stored hydrogen,Fuel cells,"Fuel, gas handling & reforming",2,1,5.011,12.5,stored hydrogen,US20060003203A1-20060105
246,methanol container,Fuel cells,"Fuel, gas handling & reforming",2,1,5.011,12.5,methanol container,US20060046123A1-20060302
247,reformer outlet,Fuel cells,"Fuel, gas handling & reforming",2,1,5.011,12.3,reformer outlet,US20160141692A1-20160519
248,anode loop,Fuel cells,"Fuel, gas handling & reforming",2,1,5.011,11.9,anode loop,US20060046108A1-20060302
249,reformer inlet,Fuel cells,"Fuel, gas handling & reforming",2,1,5.011,11.7,reformer inlet,US20160141692A1-20160519
250,gas recirculation,Fuel cells,"Fuel, gas handling & reforming",2,1,5.011,11.4,gas recirculation,US20060051632A1-20060309
251,oxidizing gas,Fuel cells,"Fuel, gas handling & reforming",2,1,5.011,11.4,oxidizing gas,US20060051632A1-20060309
252,hydrocarbon fuel,Fuel cells,"Fuel, gas handling & reforming",2,1,5.011,11.1,hydrocarbon fuel,US20160141692A1-20160519
253,manifold assembly,Fuel cells,"Fuel, gas handling & reforming",2,1,5.011,11.0,manifold assembly,US20060141306A1-20060629
254,methanol fuel,Fuel cells,"Fuel, gas handling & reforming",2,1,10.021,9.9,methanol fuel,US20060046123A1-20060302
255,liquid fuel,Fuel cells,"Fuel, gas handling & reforming",2,1,5.011,8.9,liquid fuel,US20060046123A1-20060302
256,seal body,Fuel cells,Seals & gaskets,2,1,15.032,35.6,seal body,US20160218378A1-20160728
257,seal composition,Fuel cells,Seals & gaskets,2,1,15.032,34.3,seal composition | seal compositions,US20160118674A1-20160428
258,elastic sealing member,Fuel cells,Seals & gaskets,3,1,5.011,17.4,elastic sealing member,US20160141568A1-20160519
259,glass ceramic seal,Fuel cells,Seals & gaskets,3,1,5.011,15.9,glass ceramic seal,US20160118674A1-20160428
260,sintered gasket,Fuel cells,Seals & gaskets,2,1,5.011,14.3,sintered gasket,US20060121327A1-20060608
261,sealing gasket,Fuel cells,Seals & gaskets,2,1,5.011,13.2,sealing gasket,US20060046124A1-20060302
262,gasket interface,Fuel cells,Seals & gaskets,2,1,5.011,12.9,gasket interfaces,US20060046124A1-20060302
263,insulating gasket,Fuel cells,Seals & gaskets,2,1,5.011,12.4,insulating gasket,US20060121327A1-20060608
264,gasket composition,Fuel cells,Seals & gaskets,2,1,5.011,11.8,gasket composition,US20060121327A1-20060608
265,active material,Electrode materials,Active materials,2,29,133.11,598.4,active material | active materials,US20060105244A1-20060518 US20060093921A1-20060504 US20160248088A1-20160825 US20160190570A1-20160630 US20160248093A1-20160825 US20160164085A1-20160609 US20160181609A1-20160623 US20160190560A1-20160630 US20160156069A1-20160602 US20170062800A1-20170302 US20160344021A1-20161124 US20160149214A1-20160526 US20160226067A1-20160804 US20160226070A1-20160804 US20160126546A1-20160505 US20160172674A1-20160616 US20160211554A1-20160721 US20160211539A1-20160721 US20170092937A1-20170330 US20160211504A1-20160721 US20170194636A1-20170706 US20160141604A1-20160519 US20160172673A1-20160616 US20160164091A1-20160609 US20160149216A1-20160526 US20160204438A1-20160714 US20160164093A1-20160609 US20160204434A1-20160714 US20160240843A1-20160818
266,electrode active material,Electrode materials,Active materials,3,8,82.073,197.4,electrode active material,US20160190560A1-20160630 US20160156069A1-20160602 US20160149214A1-20160526 US20160126546A1-20160505 US20160211554A1-20160721 US20160211504A1-20160721 US20160204434A1-20160714 US20160240843A1-20160818
267,electrode material,Electrode materials,Active materials,2,8,49.83,112.5,electrode material,US20060051674A1-20060309 US20160372750A1-20161222 US20160211515A1-20160721 US20170092937A1-20170330 US20160164104A1-20160609 US20160204427A1-20160714 US20160204434A1-20160714 US20160240843A1-20160818
268,cathode active material,Electrode materials,Active materials,3,6,48.283,160.2,cathode active material,US20160248093A1-20160825 US20160181609A1-20160623 US20160172674A1-20160616 US20160172673A1-20160616 US20160164091A1-20160609 US20160164093A1-20160609
269,negative electrode active material,Electrode materials,Active materials,4,5,68.024,248.2,negative electrode active material,US20160190560A1-20160630 US20160156069A1-20160602 US20160149214A1-20160526 US20160126546A1-20160505 US20160240843A1-20160818
270,carbon material,Electrode materials,Active materials,2,3,27.384,48.7,carbon materials | carbon material,US20060002844A1-20060105 US20160372750A1-20161222 US20160164104A1-20160609
271,cathode material,Electrode materials,Active materials,2,3,31.296,42.0,cathode material,US20160204444A1-20160714 US20160126539A1-20160505 US20160164075A1-20160609
272,lithium composite oxide,Electrode materials,Active materials,3,2,30.222,86.8,lithium composite oxide,US20160172674A1-20160616 US20160190579A1-20160630
273,anode active material,Electrode materials,Active materials,3,2,21.587,54.5,anode active material,US20160190570A1-20160630 US20160248093A1-20160825
274,positive electrode active material,Electrode materials,Active materials,4,2,17.27,51.5,positive electrode active material | positive-electrode active material,US20160156069A1-20160602 US20160164091A1-20160609
275,negative electrode material,Electrode materials,Active materials,3,2,8.635,21.3,negative electrode material,US20060051674A1-20060309 US20160240843A1-20160818
276,anode composition,Electrode materials,Active materials,2,2,8.635,20.3,anode composition,US20060046144A1-20060302 US20160190570A1-20160630
277,active cathode material,Electrode materials,Active materials,3,1,25.053,53.4,active cathode material,US20160164075A1-20160609
278,lithium-cobalt based complex oxide,Electrode materials,Active materials,4,1,15.032,52.5,lithium-cobalt based complex oxide,US20160181609A1-20160623
279,carbon-treated complex oxide,Electrode materials,Active materials,3,1,15.032,45.7,carbon-treated complex oxide | carbon-treated complex oxides,US20160126539A1-20160505
280,transition metal composite oxide,Electrode materials,Active materials,4,1,10.021,30.1,transition metal composite oxide,US20160190579A1-20160630
281,lithium-ion-battery active material,Electrode materials,Active materials,3,1,10.021,26.3,lithium-ion-battery active material,US20160149216A1-20160526
282,size-reduced silicon,Electrode materials,Active materials,2,1,10.021,25.1,size-reduced silicon,US20160164085A1-20160609
283,active electrode material,Electrode materials,Active materials,3,1,20.043,20.1,active electrode material,US20160204427A1-20160714
284,high-capacity nanostructured germanium-containing material,Electrode materials,Active materials,4,1,5.011,19.4,high-capacity nanostructured germanium-containing materials,US20100190059A1-20100729
285,sodium-containing transition metal oxide,Electrode materials,Active materials,4,1,5.011,17.1,sodium-containing transition metal oxide,US20160156069A1-20160602
286,triple conducting cathode material,Electrode materials,Active materials,4,1,5.011,16.6,triple conducting cathode material,US20160204444A1-20160714
287,crystalline li15si4,Electrode materials,Active materials,2,1,5.011,15.1,crystalline li15si4,US20060046144A1-20060302
288,surface treated silicon,Electrode materials,Active materials,3,1,5.011,14.8,surface treated silicon,US20160141604A1-20160519
289,s8 sulfur,Electrode materials,Active materials,2,1,5.011,14.7,s8 sulfur,US20160164104A1-20160609
290,lithium titanate material,Electrode materials,Active materials,3,1,5.011,14.0,lithium titanate material,US20060093921A1-20060504
291,granulated electrode active material,Electrode materials,Active materials,4,1,5.011,14.0,granulated electrode active material,US20160204434A1-20160714
292,compound amxo4,Electrode materials,Active materials,2,1,5.011,13.7,compound amxo4,US20160126539A1-20160505
293,lithium metallic oxide,Electrode materials,Active materials,3,1,5.011,13.7,lithium metallic oxide,US20160126546A1-20160505
294,hard carbon,Electrode materials,Active materials,2,1,5.011,13.0,hard carbon,US20160156069A1-20160602
295,coated active material,Electrode materials,Active materials,3,1,5.011,12.4,coated active material,US20160149216A1-20160526
296,alloy-type material,Electrode materials,Active materials,2,1,5.011,11.9,alloy-type material,US20060046144A1-20060302
297,active substance,Electrode materials,Active materials,2,1,5.011,11.8,active substance,US20160211515A1-20160721
298,electroactive material,Electrode materials,Active materials,2,1,5.011,11.3,electroactive materials,US20170005341A1-20170105
299,silicon-based material,Electrode materials,Active materials,2,1,5.011,11.3,silicon-based material,US20160248088A1-20160825
300,lithium alloy,Electrode materials,Active materials,2,1,5.011,11.0,lithium alloys,US20100190059A1-20100729
301,active silicon,Electrode materials,Active materials,2,1,5.011,9.7,active silicon,US20160248088A1-20160825
302,lithium metal,Electrode materials,Active materials,2,1,5.011,9.4,lithium metal,US20170092937A1-20170330
303,primary particle,Electrode materials,Particles & microstructure,2,4,21.746,51.6,primary particle | primary particles,US20060002844A1-20060105 US20160190570A1-20160630 US20160172674A1-20160616 US20160211504A1-20160721
304,oxide particle,Electrode materials,Particles & microstructure,2,4,21.746,28.7,oxide particles,US20160149214A1-20160526 US20160172674A1-20160616 US20160164091A1-20160609 US20160164093A1-20160609
305,active material particle,Electrode materials,Particles & microstructure,3,3,35.208,76.4,active material particle | active material particles,US20160190560A1-20160630 US20160204438A1-20160714 US20160240843A1-20160818
306,composite oxide particle,Electrode materials,Particles & microstructure,3,3,11.736,37.4,composite oxide particles,US20160172674A1-20160616 US20160164091A1-20160609 US20160164093A1-20160609
307,core particle,Electrode materials,Particles & microstructure,2,2,21.587,54.7,core particles,US20170092937A1-20170330 US20160172685A1-20160616
308,composite hydroxide particle,Electrode materials,Particles & microstructure,3,2,8.635,28.8,composite hydroxide particles,US20160172674A1-20160616 US20160172673A1-20160616
309,layered structure,Electrode materials,Particles & microstructure,2,2,8.635,23.5,layered structure,US20160172674A1-20160616 US20160111749A1-20160421
310,secondary particle,Electrode materials,Particles & microstructure,2,2,12.952,14.3,secondary particles,US20160190570A1-20160630 US20160172674A1-20160616
311,silicon oxide particle,Electrode materials,Particles & microstructure,3,1,15.032,37.8,silicon oxide particles,US20160149214A1-20160526
312,irreducible inorganic material particle,Electrode materials,Particles & microstructure,4,1,10.021,33.4,irreducible inorganic material particles,US20060002844A1-20060105
313,hollow active material particle,Electrode materials,Particles & microstructure,4,1,10.021,29.9,hollow active material particle,US20160204438A1-20160714
314,meso-porous structure,Electrode materials,Particles & microstructure,2,1,10.021,24.6,meso-porous structures | meso-porous structure,US20160226070A1-20160804
315,active electrode material particle,Electrode materials,Particles & microstructure,4,1,10.021,24.5,active electrode material particles,US20160204427A1-20160714
316,granulated particle,Electrode materials,Particles & microstructure,2,1,10.021,23.8,granulated particles,US20160211554A1-20160721
317,inorganic material particle,Electrode materials,Particles & microstructure,3,1,15.032,19.4,inorganic material particles,US20060002844A1-20060105
318,metal particle,Electrode materials,Particles & microstructure,2,1,10.021,19.0,metal particles,US20060002844A1-20060105
319,amorphous silicon primary particle,Electrode materials,Particles & microstructure,4,1,5.011,18.0,amorphous silicon primary particles,US20160190570A1-20160630
320,crystalline silicon primary particle,Electrode materials,Particles & microstructure,4,1,5.011,17.4,crystalline silicon primary particles,US20160190570A1-20160630
321,reducible inorganic material particle,Electrode materials,Particles & microstructure,4,1,5.011,17.1,reducible inorganic material particles,US20060002844A1-20060105
322,encapsulated sulfur particle,Electrode materials,Particles & microstructure,3,1,5.011,16.4,encapsulated sulfur particles,US20170194636A1-20170706
323,three-dimensional porous structure,Electrode materials,Particles & microstructure,3,1,5.011,14.4,three-dimensional porous structures,US20160226070A1-20160804
324,silicon primary particle,Electrode materials,Particles & microstructure,3,1,10.021,14.0,silicon primary particles,US20160190570A1-20160630
325,silicon secondary particle,Electrode materials,Particles & microstructure,3,1,10.021,12.6,silicon secondary particles,US20160190570A1-20160630
326,silicon particle,Electrode materials,Particles & microstructure,2,1,5.011,10.2,silicon particles,US20160190570A1-20160630
327,negative electrode,Electrode materials,Electrodes & current collectors,2,9,98.469,209.7,negative electrode,US20060093921A1-20060504 US20060051674A1-20060309 US20160190560A1-20160630 US20160156069A1-20160602 US20160344021A1-20161124 US20160149214A1-20160526 US20160233469A1-20160811 US20160126546A1-20160505 US20160240843A1-20160818
328,current collector,Electrode materials,Electrodes & current collectors,2,9,50.641,174.0,current collector | current collectors,US20070009802A1-20070111 US20060093921A1-20060504 US20160344021A1-20161124 US20160226070A1-20160804 US20160172678A1-20160616 US20160118671A1-20160428 US20160211504A1-20160721 US20160204434A1-20160714 US20160301084A1-20161013
329,electrode assembly,Electrode materials,Electrodes & current collectors,2,9,53.455,67.3,electrode assembly | electrode assemblies,US20060105214A1-20060518 US20060134469A1-20060622 US20070231687A1-20071004 US20160248088A1-20160825 US20160240883A1-20160818 US20160218378A1-20160728 US20160301041A1-20161013 US20160156053A1-20160602 US20160301084A1-20161013
330,positive electrode,Electrode materials,Electrodes & current collectors,2,5,37.413,65.7,positive electrode,US20060093921A1-20060504 US20160156069A1-20160602 US20160233469A1-20160811 US20160126546A1-20160505 US20160164091A1-20160609
331,electrode mixture layer,Electrode materials,Electrodes & current collectors,3,3,27.384,78.4,electrode mixture layer,US20160211554A1-20160721 US20160211504A1-20160721 US20160204438A1-20160714
332,porous electrode,Electrode materials,Electrodes & current collectors,2,2,30.222,63.9,porous electrode | porous electrodes,US20060105244A1-20060518 US20160172685A1-20160616
333,electrode layer,Electrode materials,Electrodes & current collectors,2,2,21.587,39.5,electrode layers | electrode layer,US20170062800A1-20170302 US20160156053A1-20160602
334,electrode structure,Electrode materials,Electrodes & current collectors,2,2,17.27,34.3,electrode structure,US20160172657A1-20160616 US20160344021A1-20161124
335,cathode layer,Electrode materials,Electrodes & current collectors,2,2,12.952,26.0,cathode layer,US20070009802A1-20070111 US20160248093A1-20160825
336,anode layer,Electrode materials,Electrodes & current collectors,2,2,21.587,22.3,anode layer,US20070009802A1-20070111 US20160248093A1-20160825
337,active material layer,Electrode materials,Electrodes & current collectors,3,2,8.635,20.8,active material layer | active material layers,US20160344021A1-20161124 US20160141604A1-20160519
338,current collecting member,Electrode materials,Electrodes & current collectors,3,1,15.032,45.0,current collecting member | current collecting members,US20160301041A1-20161013
339,conductive layer,Electrode materials,Electrodes & current collectors,2,1,20.043,36.8,conductive layer,US20160211528A1-20160721
340,polycrystalline electrode,Electrode materials,Electrodes & current collectors,2,1,15.032,32.5,polycrystalline electrode,US20170062800A1-20170302
341,buried lithium anode layer,Electrode materials,Electrodes & current collectors,4,1,10.021,30.4,buried lithium anode layer,US20070009802A1-20070111
342,composite electrode,Electrode materials,Electrodes & current collectors,2,1,15.032,26.8,composite electrodes | composite electrode,US20160204427A1-20160714
343,conductive collector substrate,Electrode materials,Electrodes & current collectors,3,1,10.021,26.7,conductive collector substrate,US20160226070A1-20160804
344,conductive current collector,Electrode materials,Electrodes & current collectors,3,1,10.021,25.9,conductive current collector,US20160226070A1-20160804
345,cathode puck,Electrode materials,Electrodes & current collectors,2,1,10.021,23.9,cathode puck,US20160204491A1-20160714
346,cathode collector,Electrode materials,Electrodes & current collectors,2,1,10.021,19.9,cathode collector,US20160204491A1-20160714
347,electrode body,Electrode materials,Electrodes & current collectors,2,1,10.021,19.1,electrode body,US20160211554A1-20160721
348,expanded metal microgrid,Electrode materials,Electrodes & current collectors,3,1,5.011,17.4,expanded metal microgrids,US20060105244A1-20060518
349,high loading sulfur cathode,Electrode materials,Electrodes & current collectors,4,1,5.011,17.0,high loading sulfur cathodes,US20170194636A1-20170706
350,thin film porous cathode,Electrode materials,Electrodes & current collectors,4,1,5.011,16.5,thin film porous cathode,US20160204444A1-20160714
351,electrode plate,Electrode materials,Electrodes & current collectors,2,1,10.021,16.5,electrode plate,US20160240883A1-20160818
352,battery electrode,Electrode materials,Electrodes & current collectors,2,1,10.021,14.2,battery electrodes | battery electrode,US20160141625A1-20160519
353,metal porous body,Electrode materials,Electrodes & current collectors,3,1,5.011,13.5,metal porous body,US20160156053A1-20160602
354,anode current collector,Electrode materials,Electrodes & current collectors,3,1,5.011,12.7,anode current collector,US20070009802A1-20070111
355,cathode current collector,Electrode materials,Electrodes & current collectors,3,1,5.011,12.5,cathode current collector,US20070009802A1-20070111
356,electrode current collector,Electrode materials,Electrodes & current collectors,3,1,5.011,11.9,electrode current collector,US20160211504A1-20160721
357,electroactive layer,Electrode materials,Electrodes & current collectors,2,1,5.011,11.6,electroactive layer,US20170005341A1-20170105
358,lithium anode layer,Electrode materials,Electrodes & current collectors,3,1,15.032,11.5,lithium anode layer,US20070009802A1-20070111
359,oxygen cathode,Electrode materials,Electrodes & current collectors,2,1,5.011,10.8,oxygen cathode,US20060078764A1-20060413
360,anode collector,Electrode materials,Electrodes & current collectors,2,1,5.011,10.2,anode collector,US20160204491A1-20160714
361,silicon anode,Electrode materials,Electrodes & current collectors,2,1,5.011,10.2,silicon anode,US20160248088A1-20160825
362,electrode material layer,Electrode materials,Electrodes & current collectors,3,1,5.011,9.9,electrode material layer,US20160204434A1-20160714
363,anode structure,Electrode materials,Electrodes & current collectors,2,1,5.011,9.6,anode structure,US20160226070A1-20160804
364,conductive material,Electrode materials,Conductive additives & binders,2,5,34.012,80.4,conductive material | conductive materials,US20060141328A1-20060629 US20170005341A1-20170105 US20160126587A1-20160505 US20160211504A1-20160721 US20160211528A1-20160721
365,electronic conductive material,Electrode materials,Conductive additives & binders,3,1,5.011,12.7,electronic conductive materials,US20170005341A1-20170105
366,porous conductive material,Electrode materials,Conductive additives & binders,3,1,5.011,12.1,porous conductive material,US20160211528A1-20160721
367,binding material,Electrode materials,Conductive additives & binders,2,1,5.011,11.9,binding material,US20160204434A1-20160714
368,polymer binder,Electrode materials,Conductive additives & binders,2,1,5.011,11.4,polymer binders,US20160141604A1-20160519
369,nonaqueous electrolyte,Electrolytes & separators,"Liquid electrolytes, solvents & salts",2,13,73.371,284.1,nonaqueous electrolyte | non-aqueous electrolyte,US20060105244A1-20060518 US20160149214A1-20160526 US20160226067A1-20160804 US20160211515A1-20160721 US20160126546A1-20160505 US20160172674A1-20160616 US20160141719A1-20160519 US20160211554A1-20160721 US20160172673A1-20160616 US20160164091A1-20160609 US20160204438A1-20160714 US20160164093A1-20160609 US20160240843A1-20160818
370,electrolyte solution,Electrolytes & separators,"Liquid electrolytes, solvents & salts",2,3,39.12,96.7,electrolyte solution | electrolyte solutions,US20160233546A1-20160811 US20160211539A1-20160721 US20160149216A1-20160526
371,electrolytic solution,Electrolytes & separators,"Liquid electrolytes, solvents & salts",2,3,39.12,84.1,electrolytic solution | electrolytic solutions,US20160172657A1-20160616 US20160164140A1-20160609 US20160181616A1-20160623
372,organic solvent,Electrolytes & separators,"Liquid electrolytes, solvents & salts",2,3,11.736,25.2,organic solvent,US20160233546A1-20160811 US20160164141A1-20160609 US20160301084A1-20161013
373,ionic liquid,Electrolytes & separators,"Liquid electrolytes, solvents & salts",2,2,21.587,57.6,ionic liquid,US20160141719A1-20160519 US20160149249A1-20160526
374,conducting salt,Electrolytes & separators,"Liquid electrolytes, solvents & salts",2,2,8.635,24.7,conducting salt,US20160164144A1-20160609 US20160164141A1-20160609
375,liquid electrolyte,Electrolytes & separators,"Liquid electrolytes, solvents & salts",2,2,12.952,19.5,liquid electrolyte,US20160164120A1-20160609 US20160211528A1-20160721
376,non-aqueous electrolytic solution,Electrolytes & separators,"Liquid electrolytes, solvents & salts",3,1,35.074,74.7,non-aqueous electrolytic solution | non-aqueous electrolytic solutions,US20160164140A1-20160609
377,non-aqueous electrolytic solution kit,Electrolytes & separators,"Liquid electrolytes, solvents & salts",4,1,10.021,35.3,non-aqueous electrolytic solution kit,US20160164140A1-20160609
378,acetic acid ester,Electrolytes & separators,"Liquid electrolytes, solvents & salts",3,1,10.021,35.0,acetic acid esters,US20160164144A1-20160609
379,butyric acid ester,Electrolytes & separators,"Liquid electrolytes, solvents & salts",3,1,10.021,35.0,butyric acid esters,US20160164144A1-20160609
380,base non-aqueous electrolytic solution,Electrolytes & separators,"Liquid electrolytes, solvents & salts",4,1,10.021,33.4,base non-aqueous electrolytic solution,US20160164140A1-20160609
381,cyclic carbonate,Electrolytes & separators,"Liquid electrolytes, solvents & salts",2,1,10.021,27.2,cyclic carbonate,US20160164140A1-20160609
382,chain ester,Electrolytes & separators,"Liquid electrolytes, solvents & salts",2,1,10.021,26.7,chain ester,US20160164140A1-20160609
383,electrolyte fluid,Electrolytes & separators,"Liquid electrolytes, solvents & salts",2,1,10.021,20.3,electrolyte fluid,US20100183906A1-20100722
384,cyclic sulfate ester compound,Electrolytes & separators,"Liquid electrolytes, solvents & salts",4,1,5.011,20.0,cyclic sulfate ester compound,US20160233546A1-20160811
385,molten salt,Electrolytes & separators,"Liquid electrolytes, solvents & salts",2,1,15.032,19.8,molten salt,US20160156069A1-20160602
386,electrolyte composition,Electrolytes & separators,"Liquid electrolytes, solvents & salts",2,1,10.021,19.8,electrolyte composition,US20160164141A1-20160609
387,aprotic organic solvent,Electrolytes & separators,"Liquid electrolytes, solvents & salts",3,1,5.011,17.3,aprotic organic solvent,US20160164141A1-20160609
388,non-impregnation electrolytic solution,Electrolytes & separators,"Liquid electrolytes, solvents & salts",3,1,5.011,16.3,non-impregnation electrolytic solution,US20160172657A1-20160616
389,alkali metal salt,Electrolytes & separators,"Liquid electrolytes, solvents & salts",3,1,5.011,15.1,alkali metal salt,US20160141719A1-20160519
390,non-aqueous organic solvent,Electrolytes & separators,"Liquid electrolytes, solvents & salts",3,1,5.011,15.0,non-aqueous organic solvent,US20160233546A1-20160811
391,molten salt electrolyte,Electrolytes & separators,"Liquid electrolytes, solvents & salts",3,1,5.011,14.9,molten salt electrolyte,US20160156069A1-20160602
392,eletrolytic solvent,Electrolytes & separators,"Liquid electrolytes, solvents & salts",2,1,5.011,14.3,eletrolytic solvents,US20160164144A1-20160609
393,organic carbonate,Electrolytes & separators,"Liquid electrolytes, solvents & salts",2,1,5.011,12.7,organic carbonates,US20160164144A1-20160609
394,non-aqueous solvent,Electrolytes & separators,"Liquid electrolytes, solvents & salts",2,1,5.011,11.6,non-aqueous solvent,US20160164140A1-20160609
395,lithium salt,Electrolytes & separators,"Liquid electrolytes, solvents & salts",2,1,5.011,10.8,lithium salt,US20160233546A1-20160811
396,electrolyte salt,Electrolytes & separators,"Liquid electrolytes, solvents & salts",2,1,5.011,10.6,electrolyte salt,US20160164140A1-20160609
397,solid electrolyte,Electrolytes & separators,"Solid & polymer electrolytes, membranes",2,4,50.741,104.2,solid electrolyte,US20160248093A1-20160825 US20160190637A1-20160630 US20160190602A1-20160630 US20160204427A1-20160714
398,electrolyte layer,Electrolytes & separators,"Solid & polymer electrolytes, membranes",2,3,23.472,17.3,electrolyte layer,US20070009802A1-20070111 US20160248093A1-20160825 US20160204427A1-20160714
399,sulfide solid electrolyte,Electrolytes & separators,"Solid & polymer electrolytes, membranes",3,2,21.587,53.6,sulfide solid electrolyte,US20160248093A1-20160825 US20160190637A1-20160630
400,solid electrolyte layer,Electrolytes & separators,"Solid & polymer electrolytes, membranes",3,2,17.27,45.9,solid electrolyte layer,US20160248093A1-20160825 US20160204427A1-20160714
401,electrolyte membrane,Electrolytes & separators,"Solid & polymer electrolytes, membranes",2,2,12.952,18.7,electrolyte membrane,US20060093875A1-20060504 US20160156053A1-20160602
402,polyelectrolyte membrane,Electrolytes & separators,"Solid & polymer electrolytes, membranes",2,2,12.952,17.6,polyelectrolyte membrane | polyelectrolyte membranes,US20060014067A1-20060119 US20060093875A1-20060504
403,solid electrolyte material,Electrolytes & separators,"Solid & polymer electrolytes, membranes",3,2,8.635,11.2,solid electrolyte material,US20160248093A1-20160825 US20160204427A1-20160714
404,membrane film,Electrolytes & separators,"Solid & polymer electrolytes, membranes",2,1,30.064,53.1,membrane films | membrane film,US20060093875A1-20060504
405,multi-layer polyelectrolyte membrane,Electrolytes & separators,"Solid & polymer electrolytes, membranes",3,1,10.021,32.3,multi-layer polyelectrolyte membrane | multi-layer polyelectrolyte membranes,US20060014067A1-20060119
406,yttria-stabilized zirconia material,Electrolytes & separators,"Solid & polymer electrolytes, membranes",3,1,10.021,31.1,yttria-stabilized zirconia material,US20160149249A1-20160526
407,composite electrolyte,Electrolytes & separators,"Solid & polymer electrolytes, membranes",2,1,15.032,29.1,composite electrolyte,US20160204427A1-20160714
408,ion-conductive polymer,Electrolytes & separators,"Solid & polymer electrolytes, membranes",2,1,10.021,27.2,ion-conductive polymer | ion conductive polymer,US20060014066A1-20060119
409,membrane electrolyte,Electrolytes & separators,"Solid & polymer electrolytes, membranes",2,1,10.021,18.7,membrane electrolyte,US20060134469A1-20060622
410,unsupported tubular membrane,Electrolytes & separators,"Solid & polymer electrolytes, membranes",3,1,5.011,17.1,unsupported tubular membranes,US20160301084A1-20161013
411,proton exchange membrane,Electrolytes & separators,"Solid & polymer electrolytes, membranes",3,1,5.011,16.8,proton exchange membrane,US20160211535A1-20160721
412,ion-conducting ionomer layer,Electrolytes & separators,"Solid & polymer electrolytes, membranes",3,1,5.011,16.0,ion-conducting ionomer layer,US20160118671A1-20160428
413,extruded membrane sheet,Electrolytes & separators,"Solid & polymer electrolytes, membranes",3,1,5.011,15.9,extruded membrane sheet,US20060093875A1-20060504
414,extruded membrane film,Electrolytes & separators,"Solid & polymer electrolytes, membranes",3,1,5.011,15.2,extruded membrane films,US20060093875A1-20060504
415,polyelectrolyte membrane film,Electrolytes & separators,"Solid & polymer electrolytes, membranes",3,1,5.011,14.7,polyelectrolyte membrane films,US20060093875A1-20060504
416,sulfide solid electrolyte material,Electrolytes & separators,"Solid & polymer electrolytes, membranes",4,1,5.011,14.5,sulfide solid electrolyte material,US20160248093A1-20160825
417,ionic conductive material,Electrolytes & separators,"Solid & polymer electrolytes, membranes",3,1,5.011,12.8,ionic conductive materials,US20170005341A1-20170105
418,ionomer solution,Electrolytes & separators,"Solid & polymer electrolytes, membranes",2,1,5.011,12.6,ionomer solution,US20060093875A1-20060504
419,polymer electrolyte membrane,Electrolytes & separators,"Solid & polymer electrolytes, membranes",3,1,5.011,12.5,polymer electrolyte membrane,US20060093875A1-20060504
420,extruded membrane,Electrolytes & separators,"Solid & polymer electrolytes, membranes",2,1,10.021,12.3,extruded membrane,US20060093875A1-20060504
421,solid polyelectrolyte,Electrolytes & separators,"Solid & polymer electrolytes, membranes",2,1,5.011,11.9,solid polyelectrolyte,US20060014066A1-20060119
422,membrane sheet,Electrolytes & separators,"Solid & polymer electrolytes, membranes",2,1,10.021,11.4,membrane sheet,US20060093875A1-20060504
423,conducting membrane,Electrolytes & separators,"Solid & polymer electrolytes, membranes",2,1,5.011,11.1,conducting membrane,US20060003203A1-20060105
424,electrolyte film,Electrolytes & separators,"Solid & polymer electrolytes, membranes",2,1,5.011,10.2,electrolyte film,US20070009802A1-20070111
425,non-woven fiber mat,Electrolytes & separators,Separators,3,1,5.011,17.8,non-woven fiber mat,US20170200955A1-20170713
426,non-woven mat,Electrolytes & separators,Separators,2,1,5.011,14.6,non-woven mat,US20170200955A1-20170713
427,porous ceramic separator,Electrolytes & separators,Separators,3,1,5.011,14.1,porous ceramic separator,US20060105244A1-20060518
428,ceramic separator,Electrolytes & separators,Separators,2,1,10.021,11.3,ceramic separator,US20060105244A1-20060518
429,separator assembly,Electrolytes & separators,Separators,2,1,5.011,10.0,separator assembly,US20060046125A1-20060302
430,transition metal,Chemistry & materials,"Compounds, oxides & alloys",2,5,47.617,134.8,transition metal | transition metals,US20060014066A1-20060119 US20160156069A1-20160602 US20160344021A1-20161124 US20160164087A1-20160609 US20160190579A1-20160630
431,composite oxide,Chemistry & materials,"Compounds, oxides & alloys",2,5,44.216,90.4,composite oxide,US20160226067A1-20160804 US20160172674A1-20160616 US20160190579A1-20160630 US20160164091A1-20160609 US20160164093A1-20160609
432,metal oxide,Chemistry & materials,"Compounds, oxides & alloys",2,4,43.492,86.0,metal oxide,US20160156069A1-20160602 US20160164087A1-20160609 US20160164075A1-20160609 US20160118674A1-20160428
433,alkali metal,Chemistry & materials,"Compounds, oxides & alloys",2,3,11.736,23.7,alkali metal,US20060014066A1-20060119 US20100190059A1-20100729 US20160141719A1-20160519
434,complex oxide,Chemistry & materials,"Compounds, oxides & alloys",2,2,25.905,33.0,complex oxide | complex oxides,US20160181609A1-20160623 US20160126539A1-20160505
435,rare-earth element,Chemistry & materials,"Compounds, oxides & alloys",2,2,8.635,26.9,rare-earth element | rare earth elements,US20060014066A1-20060119 US20160164091A1-20160609
436,carbon monoxide,Chemistry & materials,"Compounds, oxides & alloys",2,2,12.952,24.2,carbon monoxide,US20060035119A1-20060216 US20160181639A1-20160623
437,lithium compound,Chemistry & materials,"Compounds, oxides & alloys",2,2,8.635,20.9,lithium compound,US20160172674A1-20160616 US20160172673A1-20160616
438,alkaline earth metal,Chemistry & materials,"Compounds, oxides & alloys",3,2,25.905,14.3,alkaline earth metal,US20060014066A1-20060119 US20160118674A1-20160428
439,silicon oxide,Chemistry & materials,"Compounds, oxides & alloys",2,2,17.27,10.2,silicon oxide,US20160190560A1-20160630 US20160149214A1-20160526
440,alkaline earth metal oxide,Chemistry & materials,"Compounds, oxides & alloys",4,1,25.053,80.0,alkaline earth metal oxide,US20160118674A1-20160428
441,binderless zeolite molecular sieve,Chemistry & materials,"Compounds, oxides & alloys",4,1,10.021,43.6,binderless zeolite molecular sieves | binderless zeolite molecular sieve,US20160164144A1-20160609
442,dissolved iron hexacyanide complex,Chemistry & materials,"Compounds, oxides & alloys",4,1,10.021,38.2,dissolved iron hexacyanide complex,US20160211539A1-20160721
443,carbon dioxide,Chemistry & materials,"Compounds, oxides & alloys",2,1,15.032,36.3,carbon dioxide,US20160181639A1-20160623
444,iron hexacyanide complex,Chemistry & materials,"Compounds, oxides & alloys",3,1,20.043,32.5,iron hexacyanide complex,US20160211539A1-20160721
445,iron hexacyanide,Chemistry & materials,"Compounds, oxides & alloys",2,1,25.053,26.3,iron hexacyanide,US20160211539A1-20160721
446,period ii transition metal,Chemistry & materials,"Compounds, oxides & alloys",4,1,5.011,18.4,period ii transition metals,US20160164087A1-20160609
447,transition metal-containing salt,Chemistry & materials,"Compounds, oxides & alloys",3,1,5.011,16.7,transition metal-containing salt,US20160164087A1-20160609
448,brazing alloy,Chemistry & materials,"Compounds, oxides & alloys",2,1,5.011,14.2,brazing alloy,US20060121327A1-20060608
449,naphthalene compound,Chemistry & materials,"Compounds, oxides & alloys",2,1,5.011,13.7,naphthalene compound,US20160233546A1-20160811
450,halogen element,Chemistry & materials,"Compounds, oxides & alloys",2,1,5.011,13.5,halogen element,US20160141719A1-20160519
451,silver alloy,Chemistry & materials,"Compounds, oxides & alloys",2,1,5.011,13.4,silver alloy,US20060046144A1-20060302
452,hydrogen peroxide,Chemistry & materials,"Compounds, oxides & alloys",2,1,10.021,12.9,hydrogen peroxide,US20160118671A1-20160428
453,boron oxide,Chemistry & materials,"Compounds, oxides & alloys",2,1,5.011,12.8,boron oxide,US20160118674A1-20160428
454,inorganic salt,Chemistry & materials,"Compounds, oxides & alloys",2,1,5.011,12.8,inorganic salt,US20160149249A1-20160526
455,phosphorus oxide,Chemistry & materials,"Compounds, oxides & alloys",2,1,5.011,12.8,phosphorus oxide,US20160118674A1-20160428
456,aluminum oxide,Chemistry & materials,"Compounds, oxides & alloys",2,1,5.011,12.3,aluminum oxide,US20160118674A1-20160428
457,metal carbonate,Chemistry & materials,"Compounds, oxides & alloys",2,1,5.011,11.2,metal carbonate,US20160181639A1-20160623
458,metal sulfide,Chemistry & materials,"Compounds, oxides & alloys",2,1,5.011,11.2,metal sulfide,US20160164075A1-20160609
459,silicon compound,Chemistry & materials,"Compounds, oxides & alloys",2,1,5.011,11.2,silicon compound,US20160240843A1-20160818
460,carbon fiber,Chemistry & materials,Carbon & nanomaterials,2,2,21.587,46.1,carbon fiber | carbon fibers,US20060002844A1-20060105 US20170200955A1-20170713
461,carbon nanofiber,Chemistry & materials,Carbon & nanomaterials,2,2,17.27,35.6,carbon nanofibers | carbon nanofiber,US20170200955A1-20170713 US20170194636A1-20170706
462,carbon nanotube,Chemistry & materials,Carbon & nanomaterials,2,1,35.074,79.9,carbon nanotubes,US20160301084A1-20161013
463,nanostructured surface,Chemistry & materials,Carbon & nanomaterials,2,1,20.043,45.4,nanostructured surface,US20100183906A1-20100722
464,carbon nanostructure,Chemistry & materials,Carbon & nanomaterials,2,1,15.032,36.3,carbon nanostructures | carbon nanostructure,US20060051674A1-20060309
465,porous carbon material,Chemistry & materials,Carbon & nanomaterials,3,1,10.021,24.0,porous carbon material,US20160164104A1-20160609
466,activated carbon black,Chemistry & materials,Carbon & nanomaterials,3,1,5.011,16.7,activated carbon black,US20170194636A1-20170706
467,carbon fiber composition,Chemistry & materials,Carbon & nanomaterials,3,1,5.011,14.3,carbon fiber composition,US20060002844A1-20060105
468,carbon fiber substrate,Chemistry & materials,Carbon & nanomaterials,3,1,5.011,14.2,carbon fiber substrate,US20170200955A1-20170713
469,carbonaceous film,Chemistry & materials,Carbon & nanomaterials,2,1,5.011,13.2,carbonaceous film,US20170092937A1-20170330
470,carbonaceous material,Chemistry & materials,Carbon & nanomaterials,2,1,5.011,11.3,carbonaceous material,US20160126546A1-20160505
471,nanostructured material,Chemistry & materials,Carbon & nanomaterials,2,1,5.011,10.5,nanostructured materials,US20100190059A1-20100729
472,crystal structure,Chemistry & materials,"Ceramics, glass & crystal structure",2,2,8.635,11.7,crystal structure,US20160181609A1-20160623 US20160226067A1-20160804
473,glass core,Chemistry & materials,"Ceramics, glass & crystal structure",2,1,10.021,26.1,glass cores,US20160118674A1-20160428
474,mineral composition,Chemistry & materials,"Ceramics, glass & crystal structure",2,1,10.021,25.7,mineral composition,US20060121327A1-20060608
475,glassy phase grain boundary,Chemistry & materials,"Ceramics, glass & crystal structure",4,1,5.011,21.3,glassy phase grain boundaries,US20060121327A1-20060608
476,calcium aluminosilicate crystal,Chemistry & materials,"Ceramics, glass & crystal structure",3,1,5.011,18.8,calcium aluminosilicate crystals,US20160118674A1-20160428
477,single o3 phase,Chemistry & materials,"Ceramics, glass & crystal structure",3,1,5.011,18.6,single o3 phase,US20160181609A1-20160623
478,phase-pure perovskite structure,Chemistry & materials,"Ceramics, glass & crystal structure",3,1,5.011,17.5,phase-pure perovskite structure,US20160204444A1-20160714
479,afi template material,Chemistry & materials,"Ceramics, glass & crystal structure",3,1,5.011,16.7,afi template material,US20060051674A1-20060309
480,orthorhombic crystal structure,Chemistry & materials,"Ceramics, glass & crystal structure",3,1,5.011,16.6,orthorhombic crystal structure,US20160226067A1-20160804
481,ceramic grain boundary,Chemistry & materials,"Ceramics, glass & crystal structure",3,1,5.011,16.6,ceramic grain boundaries,US20060121327A1-20060608
482,barium aluminosilicate,Chemistry & materials,"Ceramics, glass & crystal structure",2,1,5.011,15.4,barium aluminosilicate,US20160118674A1-20160428
483,ldh-containing composite material,Chemistry & materials,"Ceramics, glass & crystal structure",3,1,5.011,13.9,ldh-containing composite material,US20160141582A1-20160519
484,grain boundary,Chemistry & materials,"Ceramics, glass & crystal structure",2,1,10.021,13.7,grain boundaries,US20060121327A1-20060608
485,olivine structure,Chemistry & materials,"Ceramics, glass & crystal structure",2,1,5.011,12.8,olivine structure,US20160126539A1-20160505
486,polyanion structure,Chemistry & materials,"Ceramics, glass & crystal structure",2,1,5.011,12.8,polyanion structure,US20160211515A1-20160721
487,glass material,Chemistry & materials,"Ceramics, glass & crystal structure",2,1,5.011,10.8,glass material,US20160149249A1-20160526
488,insulating material,Chemistry & materials,"Polymers, resins & adhesives",2,2,12.952,9.9,insulating material,US20060127752A1-20060615 US20160204427A1-20160714
489,multilayer polymer,Chemistry & materials,"Polymers, resins & adhesives",2,1,40.085,59.6,multilayer polymer,US20070231687A1-20071004
490,needle-shaped filler,Chemistry & materials,"Polymers, resins & adhesives",2,1,15.032,42.1,needle-shaped filler,US20160204438A1-20160714
491,acrylic resin,Chemistry & materials,"Polymers, resins & adhesives",2,1,10.021,26.1,acrylic resin,US20060014067A1-20060119
492,vinyl resin,Chemistry & materials,"Polymers, resins & adhesives",2,1,10.021,26.1,vinyl resin,US20060014067A1-20060119
493,electrical insulating material,Chemistry & materials,"Polymers, resins & adhesives",3,1,10.021,26.0,electrical insulating material,US20060127752A1-20060615
494,styrene thermoplastic elastomer,Chemistry & materials,"Polymers, resins & adhesives",3,1,5.011,19.7,styrene thermoplastic elastomer,US20160141625A1-20160519
495,vinyl alcohol copolymer,Chemistry & materials,"Polymers, resins & adhesives",3,1,5.011,18.4,vinyl alcohol copolymer,US20160141625A1-20160519
496,electron conducting adhesive,Chemistry & materials,"Polymers, resins & adhesives",3,1,5.011,17.3,electron conducting adhesive,US20160118671A1-20160428
497,chain extending agent,Chemistry & materials,"Polymers, resins & adhesives",3,1,5.011,17.0,chain extending agent,US20160181616A1-20160623
498,acrylonitrile derivative,Chemistry & materials,"Polymers, resins & adhesives",2,1,5.011,16.0,acrylonitrile derivatives,US20160164141A1-20160609
499,olefinic polyol,Chemistry & materials,"Polymers, resins & adhesives",2,1,5.011,16.0,olefinic polyol,US20160181616A1-20160623
500,copolymerizable monomer,Chemistry & materials,"Polymers, resins & adhesives",2,1,5.011,15.4,copolymerizable monomer,US20160141625A1-20160519
501,thermoplastic substance,Chemistry & materials,"Polymers, resins & adhesives",2,1,5.011,14.9,thermoplastic substance,US20160233469A1-20160811
502,conductive organic adhesive,Chemistry & materials,"Polymers, resins & adhesives",3,1,5.011,14.8,conductive organic adhesive,US20060105244A1-20060518
503,acrylic monomer,Chemistry & materials,"Polymers, resins & adhesives",2,1,5.011,14.6,acrylic monomer,US20160141625A1-20160519
504,carbonate diol,Chemistry & materials,"Polymers, resins & adhesives",2,1,5.011,14.4,carbonate diol,US20160181616A1-20160623
505,ion conductive adhesive,Chemistry & materials,"Polymers, resins & adhesives",3,1,5.011,14.1,ion conductive adhesive,US20060105244A1-20060518
506,synthetic resin,Chemistry & materials,"Polymers, resins & adhesives",2,1,5.011,13.9,synthetic resin,US20160141625A1-20160519
507,inorganic filler,Chemistry & materials,"Polymers, resins & adhesives",2,1,5.011,13.6,inorganic filler,US20160211554A1-20160721
508,isotactic structure,Chemistry & materials,"Polymers, resins & adhesives",2,1,5.011,12.8,isotactic structure,US20060014066A1-20060119
509,stereospecific structure,Chemistry & materials,"Polymers, resins & adhesives",2,1,5.011,12.8,stereospecific structures,US20060014066A1-20060119
510,base polymer,Chemistry & materials,"Polymers, resins & adhesives",2,1,5.011,11.8,base polymer,US20170200955A1-20170713
511,structural unit,Chemistry & materials,"Polymers, resins & adhesives",2,1,5.011,11.7,structural unit,US20160141625A1-20160519
512,resin composition,Chemistry & materials,"Polymers, resins & adhesives",2,1,5.011,11.3,resin composition,US20160149216A1-20160526
513,lithium ion,Chemistry & materials,Ions & functional groups,2,11,52.255,179.4,lithium ion | lithium ions,US20070231687A1-20071004 US20060046144A1-20060302 US20060051674A1-20060309 US20160190560A1-20160630 US20160233546A1-20160811 US20160149214A1-20160526 US20160126546A1-20160505 US20160190637A1-20160630 US20160164141A1-20160609 US20160149216A1-20160526 US20160172635A1-20160616
514,alicyclic quaternary ammonium cation,Chemistry & materials,Ions & functional groups,4,1,35.074,128.8,alicyclic quaternary ammonium cation,US20160141719A1-20160519
515,alicyclic skeleton,Chemistry & materials,Ions & functional groups,2,1,15.032,39.9,alicyclic skeleton,US20160141719A1-20160519
516,active hydrogen group,Chemistry & materials,Ions & functional groups,3,1,15.032,37.8,active hydrogen groups,US20160181616A1-20160623
517,carbon atom,Chemistry & materials,Ions & functional groups,2,1,10.021,22.3,carbon atoms,US20060014066A1-20060119
518,counter anion,Chemistry & materials,Ions & functional groups,2,1,5.011,14.9,counter anion,US20160141719A1-20160519
519,n-valent anion,Chemistry & materials,Ions & functional groups,2,1,5.011,14.9,n-valent anion,US20160141582A1-20160519
520,divalent cation,Chemistry & materials,Ions & functional groups,2,1,5.011,14.2,divalent cation,US20160141582A1-20160519
521,trivalent cation,Chemistry & materials,Ions & functional groups,2,1,5.011,14.2,trivalent cation,US20160141582A1-20160519
522,hetero atom,Chemistry & materials,Ions & functional groups,2,1,5.011,14.2,hetero atoms,US20060014066A1-20060119
523,nitrogen atom,Chemistry & materials,Ions & functional groups,2,1,5.011,13.3,nitrogen atom,US20160141719A1-20160519
524,amino group,Chemistry & materials,Ions & functional groups,2,1,5.011,13.2,amino group,US20160233546A1-20160811
525,ionizable group,Chemistry & materials,Ions & functional groups,2,1,5.011,13.2,ionizable group,US20060014067A1-20060119
526,sulfo group,Chemistry & materials,Ions & functional groups,2,1,5.011,13.2,sulfo groups,US20160190602A1-20160630
527,organic substituent,Chemistry & materials,Ions & functional groups,2,1,5.011,13.1,organic substituents,US20160164141A1-20160609
528,hydrophilic group,Chemistry & materials,Ions & functional groups,2,1,5.011,12.4,hydrophilic group,US20160181616A1-20160623
529,carbon number,Chemistry & materials,Ions & functional groups,2,1,5.011,11.4,carbon number,US20160181616A1-20160623
530,heat exchanger,Thermal & fluid management,"Cooling, heat exchange & pumps",2,3,31.296,71.1,heat exchanger,US20060105209A1-20060518 US20160226110A1-20160804 US20160141692A1-20160519
531,cooling air,Thermal & fluid management,"Cooling, heat exchange & pumps",2,2,17.27,32.6,cooling air,US20160211560A1-20160721 US20160211561A1-20160721
532,water management,Thermal & fluid management,"Cooling, heat exchange & pumps",2,2,12.952,23.0,water management,US20060093735A1-20060504 US20160211535A1-20160721
533,cooling device,Thermal & fluid management,"Cooling, heat exchange & pumps",2,1,35.074,69.8,cooling device,US20060078789A1-20060413
534,air intake conduit,Thermal & fluid management,"Cooling, heat exchange & pumps",3,1,20.043,59.1,air intake conduit,US20060110634A1-20060525
535,gear pump head,Thermal & fluid management,"Cooling, heat exchange & pumps",3,1,25.053,49.9,gear pump head | gear pump heads,US20060134483A1-20060622
536,heat transfer fluid,Thermal & fluid management,"Cooling, heat exchange & pumps",3,1,15.032,44.5,heat transfer fluid,US20160211562A1-20160721
537,thermal control device,Thermal & fluid management,"Cooling, heat exchange & pumps",3,1,20.043,41.5,thermal control device,US20160211562A1-20160721
538,heat transfer material,Thermal & fluid management,"Cooling, heat exchange & pumps",3,1,20.043,40.0,heat transfer material,US20160141735A1-20160519
539,driving gear pump head,Thermal & fluid management,"Cooling, heat exchange & pumps",4,1,10.021,39.9,driving gear pump head,US20060134483A1-20060622
540,driven gear pump head,Thermal & fluid management,"Cooling, heat exchange & pumps",4,1,10.021,39.4,driven gear pump head,US20060134483A1-20060622
541,cooling fan,Thermal & fluid management,"Cooling, heat exchange & pumps",2,1,15.032,37.5,cooling fan,US20160226110A1-20160804
542,battery cooling system,Thermal & fluid management,"Cooling, heat exchange & pumps",3,1,15.032,33.6,battery cooling system,US20160226110A1-20160804
543,cooling fluid,Thermal & fluid management,"Cooling, heat exchange & pumps",2,1,20.043,33.1,cooling fluid,US20060105209A1-20060518
544,air intake hole,Thermal & fluid management,"Cooling, heat exchange & pumps",3,1,10.021,30.8,air intake holes | air intake hole,US20160211561A1-20160721
545,cooling plate,Thermal & fluid management,"Cooling, heat exchange & pumps",2,1,20.043,29.7,cooling plate,US20160141735A1-20160519
546,battery thermal management system,Thermal & fluid management,"Cooling, heat exchange & pumps",4,1,10.021,29.6,battery thermal management system,US20170214099A1-20170727
547,intake duct,Thermal & fluid management,"Cooling, heat exchange & pumps",2,1,10.021,27.4,intake ducts,US20160211560A1-20160721
548,coolant subsystem,Thermal & fluid management,"Cooling, heat exchange & pumps",2,1,10.021,27.1,coolant subsystem,US20170214099A1-20170727
549,thermostatic valve,Thermal & fluid management,"Cooling, heat exchange & pumps",2,1,10.021,26.2,thermostatic valve,US20060134483A1-20060622
550,control valve,Thermal & fluid management,"Cooling, heat exchange & pumps",2,1,10.021,22.8,control valve,US20160226110A1-20160804
551,wick material,Thermal & fluid management,"Cooling, heat exchange & pumps",2,1,10.021,21.6,wick material,US20060046123A1-20060302
552,system coolant,Thermal & fluid management,"Cooling, heat exchange & pumps",2,1,15.032,21.3,system coolant,US20060134483A1-20060622
553,excess air diversion conduit,Thermal & fluid management,"Cooling, heat exchange & pumps",4,1,5.011,19.4,excess air diversion conduit,US20060110634A1-20060525
554,passive microcoolant loop,Thermal & fluid management,"Cooling, heat exchange & pumps",3,1,5.011,18.7,passive microcoolant loop,US20060134483A1-20060622
555,passive coolant microloop,Thermal & fluid management,"Cooling, heat exchange & pumps",3,1,5.011,17.4,passive coolant microloop,US20060134483A1-20060622
556,air introducing port,Thermal & fluid management,"Cooling, heat exchange & pumps",3,1,5.011,17.0,air introducing port,US20160211561A1-20160721
557,parallel-flow heat exchanger,Thermal & fluid management,"Cooling, heat exchange & pumps",3,1,5.011,16.7,parallel-flow heat exchanger,US20160141692A1-20160519
558,passive fluid pump,Thermal & fluid management,"Cooling, heat exchange & pumps",3,1,5.011,16.1,passive fluid pump,US20060046123A1-20060302
559,heat transfer material housing,Thermal & fluid management,"Cooling, heat exchange & pumps",4,1,5.011,15.6,heat transfer material housings,US20160141735A1-20160519
560,cold start,Thermal & fluid management,"Cooling, heat exchange & pumps",2,1,5.011,15.1,cold start,US20060134483A1-20060622
561,plate-shaped cooling plate,Thermal & fluid management,"Cooling, heat exchange & pumps",3,1,5.011,15.0,plate-shaped cooling plate,US20160141735A1-20160519
562,cell thermal control device,Thermal & fluid management,"Cooling, heat exchange & pumps",4,1,5.011,14.5,cell thermal control device,US20160211562A1-20160721
563,liquid cooling medium,Thermal & fluid management,"Cooling, heat exchange & pumps",3,1,5.011,14.2,liquid cooling medium,US20060078789A1-20060413
564,thermal insulation,Thermal & fluid management,"Cooling, heat exchange & pumps",2,1,5.011,14.1,thermal insulation,US20160218404A1-20160728
565,wet granule,Processes & characterization,Synthesis & processing,2,2,34.54,101.5,wet granules,US20160211504A1-20160721 US20160204434A1-20160714
566,calcination temperature,Processes & characterization,Synthesis & processing,2,2,17.27,46.1,calcination temperature,US20160172674A1-20160616 US20160172673A1-20160616
567,oxidizing atmosphere,Processes & characterization,Synthesis & processing,2,2,8.635,27.2,oxidizing atmosphere,US20160172674A1-20160616 US20160172673A1-20160616
568,liquid starting mixture,Processes & characterization,Synthesis & processing,3,1,25.053,73.2,liquid starting mixture,US20160164144A1-20160609
569,stirring speed,Processes & characterization,Synthesis & processing,2,1,25.053,62.4,stirring speed,US20160204434A1-20160714
570,dehydrated liquid mixture,Processes & characterization,Synthesis & processing,3,1,10.021,30.5,dehydrated liquid mixture,US20160164144A1-20160609
571,stirring time,Processes & characterization,Synthesis & processing,2,1,10.021,24.2,stirring time,US20160204434A1-20160714
572,high density sulfur slurry,Processes & characterization,Synthesis & processing,4,1,5.011,18.5,high density sulfur slurry,US20170194636A1-20170706
573,grinding media mill,Processes & characterization,Synthesis & processing,3,1,5.011,18.0,grinding media mill,US20160164085A1-20160609
574,hydrogen-containing plasma source,Processes & characterization,Synthesis & processing,3,1,5.011,17.8,hydrogen-containing plasma source,US20170062800A1-20170302
575,organic solvent filtration,Processes & characterization,Synthesis & processing,3,1,5.011,16.6,organic solvent filtration,US20160301084A1-20161013
576,thermal annealing process,Processes & characterization,Synthesis & processing,3,1,5.011,16.4,thermal annealing process,US20170062800A1-20170302
577,aqueous transition metal solution,Processes & characterization,Synthesis & processing,4,1,5.011,16.0,aqueous transition metal solution,US20160164087A1-20160609
578,silicon grinding media,Processes & characterization,Synthesis & processing,3,1,5.011,15.8,silicon grinding media,US20160164085A1-20160609
579,liquid adsorption process,Processes & characterization,Synthesis & processing,3,1,5.011,15.7,liquid adsorption processes,US20160301084A1-20161013
580,high density slurry,Processes & characterization,Synthesis & processing,3,1,5.011,15.6,high density slurry,US20170194636A1-20170706
581,co-precipitation reaction,Processes & characterization,Synthesis & processing,2,1,5.011,14.4,co-precipitation reaction,US20160190579A1-20160630
582,gas separation process,Processes & characterization,Synthesis & processing,3,1,5.011,14.2,gas separation processes,US20160301084A1-20161013
583,transition metal precursor,Processes & characterization,Synthesis & processing,3,1,5.011,14.1,transition metal precursor,US20160164087A1-20160609
584,stirring blade,Processes & characterization,Synthesis & processing,2,1,5.011,14.0,stirring blade,US20160211504A1-20160721
585,reducing atmosphere,Processes & characterization,Synthesis & processing,2,1,5.011,13.4,reducing atmosphere,US20060002844A1-20060105
586,grinding media,Processes & characterization,Synthesis & processing,2,1,10.021,13.4,grinding media,US20160164085A1-20160609
587,mixed powder,Processes & characterization,Synthesis & processing,2,1,5.011,13.1,mixed powder,US20060002844A1-20060105
588,precursor powder,Processes & characterization,Synthesis & processing,2,1,5.011,13.1,precursor powders,US20060121327A1-20060608
589,inert gas,Processes & characterization,Synthesis & processing,2,1,5.011,12.5,inert gas,US20160322617A1-20161103
590,heat treatment,Processes & characterization,Synthesis & processing,2,1,5.011,12.4,heat treatment,US20160190637A1-20160630
591,drying air,Processes & characterization,Synthesis & processing,2,1,5.011,12.2,drying air,US20060105209A1-20060518
592,calcination unit,Processes & characterization,Synthesis & processing,2,1,5.011,11.3,calcination unit,US20160181639A1-20160623
593,drying gas,Processes & characterization,Synthesis & processing,2,1,5.011,11.2,drying gas,US20060105209A1-20060518
594,thin film,Processes & characterization,Coating & deposition,2,2,12.952,21.1,thin film,US20070009802A1-20070111 US20160204444A1-20160714
595,sequential deposition,Processes & characterization,Coating & deposition,2,1,5.011,16.0,sequential depositions,US20070009802A1-20070111
596,coating agent composition,Processes & characterization,Coating & deposition,3,1,5.011,15.3,coating agent composition,US20160141625A1-20160519
597,film coating method,Processes & characterization,Coating & deposition,3,1,5.011,13.6,film coating method,US20170062800A1-20170302
598,scattering peak,Processes & characterization,Characterization & measurement,2,1,10.021,28.0,scattering peaks | scattering peak,US20160240843A1-20160818
599,powder x-ray diffraction measurement,Processes & characterization,Characterization & measurement,4,1,5.011,20.6,powder x-ray diffraction measurement,US20160164093A1-20160609
600,x-ray diffraction spectrum,Processes & characterization,Characterization & measurement,3,1,5.011,18.5,x-ray diffraction spectrum,US20160240843A1-20160818
601,platinum peak intensity,Processes & characterization,Characterization & measurement,3,1,5.011,17.6,platinum peak intensity,US20160190602A1-20160630
602,karl fischer's method,Processes & characterization,Characterization & measurement,3,1,5.011,17.1,karl fischer's method,US20160211515A1-20160721
603,sulfur peak intensity,Processes & characterization,Characterization & measurement,3,1,5.011,17.0,sulfur peak intensity,US20160190602A1-20160630
604,non-invasive measurement method,Processes & characterization,Characterization & measurement,3,1,5.011,16.0,non-invasive measurement method,US20160218382A1-20160728
605,tem-edx analysis,Processes & characterization,Characterization & measurement,2,1,5.011,16.0,tem-edx analysis,US20160190602A1-20160630
606,half width,Processes & characterization,Characterization & measurement,2,1,5.011,15.4,half width,US20160240843A1-20160818
607,raman spectrum,Processes & characterization,Characterization & measurement,2,1,5.011,14.9,raman spectrum,US20160240843A1-20160818
608,integrated intensity,Processes & characterization,Characterization & measurement,2,1,5.011,14.0,integrated intensity,US20160164093A1-20160609
609,diffraction peak,Processes & characterization,Characterization & measurement,2,1,5.011,13.7,diffraction peak,US20160164093A1-20160609
610,peak intensity,Processes & characterization,Characterization & measurement,2,1,10.021,13.5,peak intensity,US20160190602A1-20160630
611,output characteristics,Performance & properties,Electrochemical performance,2,3,11.736,38.5,output characteristics,US20160172674A1-20160616 US20160172673A1-20160616 US20160164093A1-20160609
612,reversible capacity,Performance & properties,Electrochemical performance,2,2,12.952,25.2,reversible capacity,US20060051674A1-20060309 US20160156069A1-20160602
613,cycle performance,Performance & properties,Electrochemical performance,2,2,8.635,24.8,cycle performance,US20160149214A1-20160526 US20160240843A1-20160818
614,output voltage,Performance & properties,Electrochemical performance,2,2,12.952,24.2,output voltage,US20060078764A1-20060413 US20170005377A1-20170105
615,anode potential,Performance & properties,Electrochemical performance,2,2,8.635,21.8,anode potential,US20160172657A1-20160616 US20160172635A1-20160616
616,battery capacity,Performance & properties,Electrochemical performance,2,2,8.635,17.7,battery capacity,US20060093921A1-20060504 US20160240843A1-20160818
617,lifespan characteristics,Performance & properties,Electrochemical performance,2,2,8.635,13.7,lifespan characteristics,US20160190570A1-20160630 US20160181609A1-20160623
618,discharge capacity,Performance & properties,Electrochemical performance,2,2,12.952,11.6,discharge capacity,US20160190560A1-20160630 US20170092937A1-20170330
619,current density,Performance & properties,Electrochemical performance,2,2,8.635,11.2,current density,US20060105214A1-20060518 US20160126546A1-20160505
620,cycle lifespan characteristics,Performance & properties,Electrochemical performance,3,1,5.011,16.7,cycle lifespan characteristics,US20160190570A1-20160630
621,volumetric energy density,Performance & properties,Electrochemical performance,3,1,5.011,16.3,volumetric energy density,US20170062800A1-20170302
622,upper limit voltage,Performance & properties,Electrochemical performance,3,1,5.011,16.1,upper limit voltage,US20170092937A1-20170330
623,internal electrical resistance,Performance & properties,Electrochemical performance,3,1,10.021,14.9,internal electrical resistance,US20160211535A1-20160721
624,charging current density,Performance & properties,Electrochemical performance,3,1,5.011,14.8,charging current density,US20160126546A1-20160505
625,battery initial efficiency,Performance & properties,Electrochemical performance,3,1,5.011,14.4,battery initial efficiency,US20160240843A1-20160818
626,drain rate,Performance & properties,Electrochemical performance,2,1,10.021,13.5,drain rate,US20060068288A1-20060330
627,discharge characteristics,Performance & properties,Electrochemical performance,2,1,5.011,12.3,discharge characteristics,US20160172678A1-20160616
628,discharge performance,Performance & properties,Electrochemical performance,2,1,5.011,12.3,discharge performances,US20160233546A1-20160811
629,discharge cycle,Performance & properties,Electrochemical performance,2,1,5.011,12.3,discharge cycle,US20160190570A1-20160630
630,capacity retention,Performance & properties,Electrochemical performance,2,1,5.011,11.9,capacity retention,US20160164091A1-20160609
631,operating temperature,Performance & properties,Electrochemical performance,2,1,5.011,11.9,operating temperature,US20060134483A1-20060622
632,storage performance,Performance & properties,Electrochemical performance,2,1,5.011,11.3,storage performances,US20160233546A1-20160811
633,cathode potential,Performance & properties,Electrochemical performance,2,1,5.011,10.7,cathode potential,US20160172635A1-20160616
634,electrochemical capacity,Performance & properties,Electrochemical performance,2,1,10.021,10.2,electrochemical capacity,US20060068288A1-20060330
635,particle size,Performance & properties,Physical & material properties,2,3,19.56,40.0,particle size,US20060121327A1-20060608 US20060002844A1-20060105 US20160204434A1-20160714
636,water content,Performance & properties,Physical & material properties,2,2,12.952,23.8,water content,US20160126539A1-20160505 US20160164144A1-20160609
637,surface area,Performance & properties,Physical & material properties,2,2,8.635,22.1,surface area,US20060046113A1-20060302 US20060068288A1-20060330
638,particle diameter,Performance & properties,Physical & material properties,2,2,8.635,12.2,particle diameter,US20160126546A1-20160505 US20160211504A1-20160721
639,ion conductivity,Performance & properties,Physical & material properties,2,2,8.635,12.1,ion conductivity,US20160156069A1-20160602 US20160190637A1-20160630
640,mean primary particle size,Performance & properties,Physical & material properties,4,1,10.021,34.2,mean primary particle size,US20060002844A1-20060105
641,ion resistance,Performance & properties,Physical & material properties,2,1,15.032,33.7,ion resistance,US20160248093A1-20160825
642,bubble point,Performance & properties,Physical & material properties,2,1,10.021,29.8,bubble point,US20160164120A1-20160609
643,crystallite size,Performance & properties,Physical & material properties,2,1,10.021,26.7,crystallite size,US20160172674A1-20160616
644,average particle diameter,Performance & properties,Physical & material properties,3,1,5.011,16.3,average particle diameter,US20160126546A1-20160505
645,sodium ion conductivity,Performance & properties,Physical & material properties,3,1,5.011,16.2,sodium ion conductivity,US20160156069A1-20160602
646,tensile elongation,Performance & properties,Physical & material properties,2,1,5.011,16.0,tensile elongation,US20160149216A1-20160526
647,liquid absorbing rate,Performance & properties,Physical & material properties,3,1,5.011,15.8,liquid absorbing rate,US20160149216A1-20160526
648,primary particle diameter,Performance & properties,Physical & material properties,3,1,5.011,15.7,primary particle diameter,US20160211504A1-20160721
649,average particle size,Performance & properties,Physical & material properties,3,1,5.011,15.0,average particle size,US20160204434A1-20160714
650,crystal-structure stability,Performance & properties,Physical & material properties,2,1,5.011,14.9,crystal-structure stability,US20160164091A1-20160609
651,expansion coefficient,Performance & properties,Physical & material properties,2,1,5.011,14.9,expansion coefficients,US20060121327A1-20060608
652,tap density,Performance & properties,Physical & material properties,2,1,5.011,14.2,tap density,US20160190579A1-20160630
653,mean particle size,Performance & properties,Physical & material properties,3,1,5.011,14.2,mean particle size,US20060002844A1-20060105
654,lithium ion conductivity,Performance & properties,Physical & material properties,3,1,5.011,14.1,lithium ion conductivity,US20160190637A1-20160630
655,volumetric expansion,Performance & properties,Physical & material properties,2,1,5.011,14.0,volumetric expansion,US20160190570A1-20160630
656,electrical resistivity,Performance & properties,Physical & material properties,2,1,5.011,13.5,electrical resistivity,US20060121327A1-20060608
657,thermal conductivity,Performance & properties,Physical & material properties,2,1,5.011,12.8,thermal conductivity,US20160218404A1-20160728
658,powder resistance,Performance & properties,Physical & material properties,2,1,5.011,12.7,powder resistance,US20170092937A1-20170330
659,particle density,Performance & properties,Physical & material properties,2,1,5.011,11.0,particle density,US20160190579A1-20160630
660,electronic device,Systems & applications,End-use devices & vehicles,2,3,27.384,64.5,electronic device,US20060068274A1-20060330 US20160141568A1-20160519 US20160233469A1-20160811
661,electric power tool,Systems & applications,End-use devices & vehicles,3,2,17.27,58.7,electric power tool,US20160172657A1-20160616 US20160226044A1-20160804
662,communication terminal,Systems & applications,End-use devices & vehicles,2,1,15.032,34.0,communication terminals,US20160172654A1-20160616
663,railroad storage battery device,Systems & applications,End-use devices & vehicles,4,1,10.021,29.6,railroad storage battery device,US20160211494A1-20160721
664,motor vehicle,Systems & applications,End-use devices & vehicles,2,1,10.021,26.1,motor vehicle,US20160172635A1-20160616
665,sterilizeable surgical tool,Systems & applications,End-use devices & vehicles,3,1,5.011,18.4,sterilizeable surgical tools,US20160218404A1-20160728
666,electric drive motor,Systems & applications,End-use devices & vehicles,3,1,5.011,17.7,electric drive motor,US20160172635A1-20160616
667,electric stator coil,Systems & applications,End-use devices & vehicles,3,1,5.011,17.7,electric stator coils,US20060046108A1-20060302
668,portable information terminal,Systems & applications,End-use devices & vehicles,3,1,5.011,17.1,portable information terminal,US20160233469A1-20160811
669,power surgical tool,Systems & applications,End-use devices & vehicles,3,1,5.011,15.8,power surgical tools,US20160218404A1-20160728
670,vehicle energy-storage system,Systems & applications,End-use devices & vehicles,3,1,5.011,15.7,vehicle energy-storage systems,US20170005377A1-20170105
671,magnetic rotor,Systems & applications,End-use devices & vehicles,2,1,5.011,15.4,magnetic rotor,US20060046108A1-20060302
672,spin rotor,Systems & applications,End-use devices & vehicles,2,1,5.011,15.4,spin rotor,US20060046108A1-20060302
673,portable electronic device,Systems & applications,End-use devices & vehicles,3,1,5.011,15.0,portable electronic device,US20060068274A1-20060330
674,motor car,Systems & applications,End-use devices & vehicles,2,1,5.011,14.9,motor car,US20160126546A1-20160505
675,stator coil,Systems & applications,End-use devices & vehicles,2,1,10.021,14.9,stator coils,US20060046108A1-20060302
676,surgical tool,Systems & applications,End-use devices & vehicles,2,1,10.021,13.9,surgical tools,US20160218404A1-20160728
677,railroad vehicle,Systems & applications,End-use devices & vehicles,2,1,5.011,13.3,railroad vehicle,US20160211494A1-20160721
678,wearable device,Systems & applications,End-use devices & vehicles,2,1,5.011,12.6,wearable device,US20160233469A1-20160811
679,electric vehicle,Systems & applications,End-use devices & vehicles,2,1,5.011,12.3,electric vehicle,US20160172657A1-20160616
680,portable device,Systems & applications,End-use devices & vehicles,2,1,5.011,11.7,portable devices,US20060068274A1-20060330
681,semiconductor substrate,Systems & applications,Power electronics & circuits,2,1,20.043,48.4,semiconductor substrate | semiconductor substrates,US20160126587A1-20160505
682,duty cycle,Systems & applications,Power electronics & circuits,2,1,15.032,39.9,duty cycle | duty cycles,US20060078768A1-20060413
683,gate electrode,Systems & applications,Power electronics & circuits,2,1,15.032,31.3,gate electrode | gate electrodes,US20060071209A1-20060406
684,gate voltage source,Systems & applications,Power electronics & circuits,3,1,10.021,30.8,gate voltage source,US20060071209A1-20060406
685,power supply system,Systems & applications,Power electronics & circuits,3,1,10.021,25.9,power supply system,US20160126546A1-20160505
686,resistor-switch unit,Systems & applications,Power electronics & circuits,2,1,10.021,24.8,resistor-switch unit,US20160211535A1-20160721
687,pulse train signal,Systems & applications,Power electronics & circuits,3,1,5.011,20.2,pulse train signal,US20060046108A1-20060302
688,printed-wiring board,Systems & applications,Power electronics & circuits,2,1,5.011,15.4,printed-wiring board,US20060040173A1-20060223
689,power electronics converter,Systems & applications,Power electronics & circuits,3,1,5.011,15.1,power electronics converter,US20060093877A1-20060504
690,toggle switch,Systems & applications,Power electronics & circuits,2,1,5.011,15.1,toggle switch,US20160156047A1-20160602
691,circuit board,Systems & applications,Power electronics & circuits,2,1,5.011,14.6,circuit boards,US20060099464A1-20060511
692,printed circuit,Systems & applications,Power electronics & circuits,2,1,5.011,14.6,printed circuit,US20060127752A1-20060615
693,power conditioning system,Systems & applications,Power electronics & circuits,3,1,5.011,14.2,power conditioning system,US20060093877A1-20060504
694,conductive circuit layer,Systems & applications,Power electronics & circuits,3,1,5.011,13.7,conductive circuit layer,US20060127752A1-20060615
695,semiconductor structure,Systems & applications,Power electronics & circuits,2,1,5.011,11.6,semiconductor structures,US20160126587A1-20160505
696,solar cell,Systems & applications,Other electrochemical devices,2,2,17.27,41.2,solar cells,US20060088739A1-20060427 US20160301084A1-20161013
697,electrochemical capacitor,Systems & applications,Other electrochemical devices,2,2,12.952,35.7,electrochemical capacitor | electrochemical capacitors,US20160149214A1-20160526 US20160301084A1-20161013
698,dual mode electrochemical system,Systems & applications,Other electrochemical devices,4,1,15.032,50.8,dual mode electrochemical system,US20060003203A1-20060105
699,oxygen separation membrane,Systems & applications,Other electrochemical devices,3,1,15.032,45.7,oxygen separation membrane,US20170005341A1-20170105
700,electrolysis cell,Systems & applications,Other electrochemical devices,2,1,40.085,43.8,electrolysis cell | electrolysis cells,US20160164128A1-20160609
701,electrolysis cell stack device,Systems & applications,Other electrochemical devices,4,1,15.032,41.5,electrolysis cell stack device,US20160164128A1-20160609
702,thermoelectric device,Systems & applications,Other electrochemical devices,2,1,10.021,24.1,thermoelectric device,US20170214099A1-20170727
703,capacitive deionization system,Systems & applications,Other electrochemical devices,3,1,5.011,17.3,capacitive deionization systems,US20160301084A1-20161013
704,electrochemical supercapacitor,Systems & applications,Other electrochemical devices,2,1,5.011,12.8,electrochemical supercapacitors,US20100190059A1-20100729
705,electrolysis cell stack,Systems & applications,Other electrochemical devices,3,1,20.043,12.0,electrolysis cell stack,US20160164128A1-20160609
